,Unnamed: 0,Date,Symbol,Expiry,Option Type,Strike Price,Open_x,High_x,Low_x,Close_x,Last,Settle Price,Number of Contracts,Turnover_x,Premium Turnover,Open Interest,Change in OI,Underlying,Open_y,High_y,Low_y,Close_y,Volume,Turnover_y,AnnualVolatility365,AnnualVolatility254,logreturns,Days_to_Expiry,Range,UpperRange,LowerRange,Delta365,Theta365,Rho365,Vega365,Gamma365,CalcIV365
0,1040,2017-09-20,BANKNIFTY,2017-10-05,CE,23500,0.0,0.0,0.0,1521.8,0.0,1526.1,0,0.0,0,0,0,24965.05,24984.65,25052.6,24938.3,24965.05,87376241,26101700000,8.740825899,7.291601004,-0.00305959852,15,442.3684116,25407.41841,24522.68159,0.999892265983,-7.69339226387,9.60891525444,0.0214855909038,9.5969129902e-07,1e-05
1,1041,2017-09-20,BANKNIFTY,2017-10-05,PE,23500,0.0,0.0,0.0,92.6,0.0,0.85,0,0.0,0,0,0,24965.05,24984.65,25052.6,24938.3,24965.05,87376241,26101700000,8.740825899,7.291601004,-0.00305959852,15,442.3684116,25407.41841,24522.68159,-0.000107734017274,-0.00537203031397,-0.00111003750036,0.0214855909038,9.5969129902e-07,1e-05
2,1042,2017-09-20,BANKNIFTY,2017-10-05,CE,23600,0.0,0.0,0.0,1438.1,0.0,1426.95,0,0.0,0,0,0,24965.05,24984.65,25052.6,24938.3,24965.05,87376241,26101700000,8.740825899,7.291601004,-0.00305959852,15,442.3684116,25407.41841,24522.68159,0.999730428836,-7.7332764794,9.64814083747,0.0506719030929,2.2633487122e-06,1e-05
3,1043,2017-09-20,BANKNIFTY,2017-10-05,PE,23600,0.0,0.0,0.0,107.8,0.0,1.5,0,0.0,0,0,0,24965.05,24984.65,25052.6,24938.3,24965.05,87376241,26101700000,8.740825899,7.291601004,-0.00305959852,15,442.3684116,25407.41841,24522.68159,-0.000269571164169,-0.0125412661325,-0.00277817912209,0.0506719030929,2.2633487122e-06,1e-05
4,1044,2017-09-20,BANKNIFTY,2017-10-05,CE,23700,0.0,0.0,0.0,1356.25,0.0,1328.25,0,0.0,0,0,0,24965.05,24984.65,25052.6,24938.3,24965.05,87376241,26101700000,8.740825899,7.291601004,-0.00305959852,15,442.3684116,25407.41841,24522.68159,0.999363258569,-7.78096786884,9.68524883868,0.112468083479,5.02358262404e-06,1e-05
5,1045,2017-09-20,BANKNIFTY,2017-10-05,PE,23700,0.0,0.0,0.0,124.85,0.0,2.5,0,0.0,0,0,0,24965.05,24984.65,25052.6,24938.3,24965.05,87376241,26101700000,8.740825899,7.291601004,-0.00305959852,15,442.3684116,25407.41841,24522.68159,-0.000636741431031,-0.027517675853,-0.00656390255384,0.112468083479,5.02358262404e-06,1e-05
6,1046,2017-09-20,BANKNIFTY,2017-10-05,CE,23800,0.0,0.0,0.0,1276.4,0.0,1230.05,0,0.0,0,0,0,24965.05,24984.65,25052.6,24938.3,24965.05,87376241,26101700000,8.740825899,7.291601004,-0.00305959852,15,442.3684116,25407.41841,24522.68159,0.998578712071,-7.84294070027,9.71805082166,0.235103789058,1.05013197792e-05,1e-05
7,1047,2017-09-20,BANKNIFTY,2017-10-05,PE,23800,0.0,0.0,0.0,143.95,0.0,4.05,0,0.0,0,0,0,24965.05,24984.65,25052.6,24938.3,24965.05,87376241,26101700000,8.740825899,7.291601004,-0.00305959852,15,442.3684116,25407.41841,24522.68159,-0.00142128792917,-0.0567755275681,-0.0146556442211,0.235103789058,1.05013197792e-05,1e-05
8,1048,2017-09-20,BANKNIFTY,2017-10-05,CE,23900,0.0,0.0,0.0,1198.7,0.0,1132.7,0,0.0,0,0,0,24965.05,24984.65,25052.6,24938.3,24965.05,87376241,26101700000,8.740825899,7.291601004,-0.00305959852,15,442.3684116,25407.41841,24522.68159,0.996998734738,-7.92907594202,9.74264279933,0.463211500062,2.069014756e-05,14.7552490234
9,1049,2017-09-20,BANKNIFTY,2017-10-05,PE,23900,0.0,0.0,0.0,165.15,0.0,6.45,0,0.0,0,0,0,24965.05,24984.65,25052.6,24938.3,24965.05,87376241,26101700000,8.740825899,7.291601004,-0.00305959852,15,442.3684116,25407.41841,24522.68159,-0.00300126526241,-0.110195789593,-0.0309573911943,0.463211500062,2.069014756e-05,1e-05
10,1050,2017-09-20,BANKNIFTY,2017-10-05,CE,24000,0.0,0.0,0.0,1123.25,0.0,1036.5,0,0.0,0,0,0,24965.05,24984.65,25052.6,24938.3,24965.05,87376241,26101700000,8.740825899,7.291601004,-0.00305959852,15,442.3684116,25407.41841,24522.68159,0.993997650011,-8.05285222234,9.75255926641,0.860804729831,3.84493409128e-05,17.0879364014
11,1051,2017-09-20,BANKNIFTY,2017-10-05,PE,24000,0.0,0.0,0.0,30.0,30.0,9.95,0,0.0,0,80,0,24965.05,24984.65,25052.6,24938.3,24965.05,87376241,26101700000,8.740825899,7.291601004,-0.00305959852,15,442.3684116,25407.41841,24522.68159,-0.00600234998918,-0.201257090203,-0.0619346487663,0.860804729831,3.84493409128e-05,1e-05
12,1052,2017-09-20,BANKNIFTY,2017-10-05,CE,24100,0.0,0.0,0.0,1049.95,0.0,941.85,0,0.0,0,0,0,24965.05,24984.65,25052.6,24938.3,24965.05,87376241,26101700000,8.740825899,7.291601004,-0.00305959852,15,442.3684116,25407.41841,24522.68159,0.98861730182,-8.23023692501,9.73789043153,1.50989592357,6.74421283901e-05,18.4812545776
13,1053,2017-09-20,BANKNIFTY,2017-10-05,PE,24100,0.0,0.0,0.0,214.25,0.0,15.1,0,0.0,0,0,0,24965.05,24984.65,25052.6,24938.3,24965.05,87376241,26101700000,8.740825899,7.291601004,-0.00305959852,15,442.3684116,25407.41841,24522.68159,-0.0113826981805,-0.345926813152,-0.11749720829,1.50989592357,6.74421283901e-05,1e-05
14,1054,2017-09-20,BANKNIFTY,2017-10-05,CE,24200,0.0,0.0,0.0,979.4,0.0,849.25,0,0.0,0,0,0,24965.05,24984.65,25052.6,24938.3,24965.05,87376241,26101700000,8.740825899,7.291601004,-0.00305959852,15,442.3684116,25407.41841,24522.68159,0.979506595138,-8.47657788153,9.68464674968,2.50157304424,0.000111737112336,19.5083618164
15,1055,2017-09-20,BANKNIFTY,2017-10-05,PE,24200,0.0,0.0,0.0,242.65,0.0,22.25,0,0.0,0,0,0,24965.05,24984.65,25052.6,24938.3,24965.05,87376241,26101700000,8.740825899,7.291601004,-0.00305959852,15,442.3684116,25407.41841,24522.68159,-0.0204934048617,-0.559552789951,-0.211634614784,2.50157304424,0.000111737112336,1e-05
16,1056,2017-09-20,BANKNIFTY,2017-10-05,CE,24300,0.0,0.0,0.0,911.45,0.0,759.3,0,0.0,0,0,0,24965.05,24984.65,25052.6,24938.3,24965.05,87376241,26101700000,8.740825899,7.291601004,-0.00305959852,15,442.3684116,25407.41841,24522.68159,0.964925049411,-8.80121975418,9.57477909138,3.91746670485,0.000174980466102,20.3065872192
17,1057,2017-09-20,BANKNIFTY,2017-10-05,PE,24300,0.0,0.0,0.0,273.6,0.0,32.0,0,0.0,0,0,0,24965.05,24984.65,25052.6,24938.3,24965.05,87376241,26101700000,8.740825899,7.291601004,-0.00305959852,15,442.3684116,25407.41841,24522.68159,-0.0350749505891,-0.851479682884,-0.362395997736,3.91746670485,0.000174980466102,1e-05
18,1058,2017-09-20,BANKNIFTY,2017-10-05,CE,24400,0.0,0.0,0.0,846.15,0.0,672.6,0,0.0,0,0,0,24965.05,24984.65,25052.6,24938.3,24965.05,87376241,26101700000,8.740825899,7.291601004,-0.00305959852,15,442.3684116,25407.41841,24522.68159,0.942852085428,-9.20047317983,9.38728621023,5.80257826156,0.000259182253559,20.9512710571
19,1059,2017-09-20,BANKNIFTY,2017-10-05,PE,24400,0.0,0.0,0.0,307.2,0.0,45.05,0,0.0,0,0,0,24965.05,24984.65,25052.6,24938.3,24965.05,87376241,26101700000,8.740825899,7.291601004,-0.00305959852,15,442.3684116,25407.41841,24522.68159,-0.0571479145724,-1.21801812883,-0.590782603536,5.80257826156,0.000259182253559,1e-05
20,1060,2017-09-20,BANKNIFTY,2017-10-05,CE,24500,0.0,0.0,0.0,783.6,0.0,589.8,0,0.0,0,0,0,24965.05,24984.65,25052.6,24938.3,24965.05,87376241,26101700000,8.740825899,7.291601004,-0.00305959852,15,442.3684116,25407.41841,24522.68159,0.911228237643,-9.6507447831,9.10068326352,8.13492294553,0.000363360486754,21.484375
21,1061,2017-09-20,BANKNIFTY,2017-10-05,PE,24500,74.1,74.95,65.0,71.1,74.95,71.1,90,88455000.0,255000,6080,1720,24965.05,24984.65,25052.6,24938.3,24965.05,87376241,26101700000,8.740825899,7.291601004,-0.00305959852,15,442.3684116,25407.41841,24522.68159,-0.0887717623565,-1.63557475238,-0.918279274888,8.13492294553,0.000363360486754,1e-05
22,1062,2017-09-20,BANKNIFTY,2017-10-05,CE,24600,0.0,0.0,0.0,723.9,0.0,511.6,0,0.0,0,0,0,24965.05,24984.65,25052.6,24938.3,24965.05,87376241,26101700000,8.740825899,7.291601004,-0.00305959852,15,442.3684116,25407.41841,24522.68159,0.868318803155,-10.1045792895,8.69673936204,10.8016833978,0.000482475982066,21.9421386719
23,1063,2017-09-20,BANKNIFTY,2017-10-05,PE,24600,0.0,0.0,0.0,382.8,0.0,83.55,0,0.0,0,0,0,24965.05,24984.65,25052.6,24938.3,24965.05,87376241,26101700000,8.740825899,7.291601004,-0.00305959852,15,442.3684116,25407.41841,24522.68159,-0.131681196845,-2.05669427905,-1.36311690102,10.8016833978,0.000482475982066,1e-05
24,1064,2017-09-20,BANKNIFTY,2017-10-05,CE,24700,0.0,0.0,0.0,667.0,0.0,438.5,0,0.0,0,0,0,24965.05,24984.65,25052.6,24938.3,24965.05,87376241,26101700000,8.740825899,7.291601004,-0.00305959852,15,442.3684116,25407.41841,24522.68159,0.813141849782,-10.4924204816,8.16489210589,13.5931324203,0.000607160909305,22.3350524902
25,1065,2017-09-20,BANKNIFTY,2017-10-05,PE,24700,0.0,0.0,0.0,424.8,0.0,110.15,0,0.0,0,0,0,24965.05,24984.65,25052.6,24938.3,24965.05,87376241,26101700000,8.740825899,7.291601004,-0.00305959852,15,442.3684116,25407.41841,24522.68159,-0.186858150218,-2.41182049147,-1.93585788181,13.5931324203,0.000607160909305,8.1787109375
26,1118,2017-09-21,BANKNIFTY,2017-10-05,CE,23500,0.0,0.0,0.0,1521.8,0.0,1356.95,0,0.0,0,0,0,24799.25,24934.1,24992.5,24706.45,24799.25,72279851,21458000000,8.99596516,7.504438294,-0.006663435976,14,436.9219841,25236.17198,24362.32802,0.999556997722,-7.71171009195,8.96807287899,0.0771605343383,3.63609479508e-06,29.6020507812
27,1119,2017-09-21,BANKNIFTY,2017-10-05,PE,23500,0.0,0.0,0.0,92.6,0.0,1.6,0,0.0,0,0,0,24799.25,24934.1,24992.5,24706.45,24799.25,72279851,21458000000,8.99596516,7.504438294,-0.006663435976,14,436.9219841,25236.17198,24362.32802,-0.000443002277946,-0.0211618745603,-0.00423337462279,0.0771605343383,3.63609479508e-06,1e-05
28,1120,2017-09-21,BANKNIFTY,2017-10-05,CE,23600,0.0,0.0,0.0,1438.1,0.0,1258.25,0,0.0,0,0,0,24799.25,24934.1,24992.5,24706.45,24799.25,72279851,21458000000,8.99596516,7.504438294,-0.006663435976,14,436.9219841,25236.17198,24362.32802,0.998976790949,-7.76854980038,9.00070569995,0.167014609895,7.87035702838e-06,29.4876098633
29,1121,2017-09-21,BANKNIFTY,2017-10-05,PE,23600,0.0,0.0,0.0,107.8,0.0,2.7,0,0.0,0,0,0,24799.25,24934.1,24992.5,24706.45,24799.25,72279851,21458000000,8.99596516,7.504438294,-0.006663435976,14,436.9219841,25236.17198,24362.32802,-0.0010232090508,-0.045275845902,-0.00978058027398,0.167014609895,7.87035702838e-06,1e-05
30,1122,2017-09-21,BANKNIFTY,2017-10-05,CE,23700,0.0,0.0,0.0,1356.25,0.0,1160.25,0,0.0,0,0,0,24799.25,24934.1,24992.5,24706.45,24799.25,72279851,21458000000,8.99596516,7.504438294,-0.006663435976,14,436.9219841,25236.17198,24362.32802,0.997768358893,-7.8469840748,9.02732814923,0.340116758848,1.60275818094e-05,29.3817520142
31,1123,2017-09-21,BANKNIFTY,2017-10-05,PE,23700,0.0,0.0,0.0,124.85,0.0,4.45,0,0.0,0,0,0,24799.25,24934.1,24992.5,24706.45,24799.25,72279851,21458000000,8.99596516,7.504438294,-0.006663435976,14,436.9219841,25236.17198,24362.32802,-0.00223164110719,-0.090984383223,-0.0213381576117,0.340116758848,1.60275818094e-05,1e-05
32,1124,2017-09-21,BANKNIFTY,2017-10-05,CE,23800,0.0,0.0,0.0,1276.4,0.0,1063.2,0,0.0,0,0,0,24799.25,24934.1,24992.5,24706.45,24799.25,72279851,21458000000,8.99596516,7.504438294,-0.006663435976,14,436.9219841,25236.17198,24362.32802,0.995398640173,-7.96052544082,9.04283487198,0.652145190774,3.07315359354e-05,29.2816162109
33,1125,2017-09-21,BANKNIFTY,2017-10-05,PE,23800,0.0,0.0,0.0,143.95,0.0,7.15,0,0.0,0,0,0,24799.25,24934.1,24992.5,24706.45,24799.25,72279851,21458000000,8.99596516,7.504438294,-0.006663435976,14,436.9219841,25236.17198,24362.32802,-0.00460135982698,-0.171800012147,-0.0440114614732,0.652145190774,3.07315359354e-05,1e-05
34,1126,2017-09-21,BANKNIFTY,2017-10-05,CE,23900,0.0,0.0,0.0,1198.7,0.0,967.45,0,0.0,0,0,0,24799.25,24934.1,24992.5,24706.45,24799.25,72279851,21458000000,8.99596516,7.504438294,-0.006663435976,14,436.9219841,25236.17198,24362.32802,0.991020116257,-8.12634603582,9.03910240042,1.1782205916,5.55221888666e-05,29.1976928711
35,1127,2017-09-21,BANKNIFTY,2017-10-05,PE,23900,0.0,0.0,0.0,165.15,0.0,11.15,0,0.0,0,0,0,24799.25,24934.1,24992.5,24706.45,24799.25,72279851,21458000000,8.99596516,7.504438294,-0.006663435976,14,436.9219841,25236.17198,24362.32802,-0.00897988374252,-0.304894870055,-0.0859239596374,1.1782205916,5.55221888666e-05,1e-05
36,1128,2017-09-21,BANKNIFTY,2017-10-05,CE,24000,0.0,0.0,0.0,1123.25,0.0,873.45,0,0.0,0,0,0,24799.25,24934.1,24992.5,24706.45,24799.25,72279851,21458000000,8.99596516,7.504438294,-0.006663435976,14,436.9219841,25236.17198,24362.32802,0.983391752694,-8.36279196655,9.00422329851,2.00721274237,9.45874191743e-05,29.11901474
37,1129,2017-09-21,BANKNIFTY,2017-10-05,PE,24000,40.0,51.4,25.0,37.15,34.05,37.15,271,260574000.0,414000,3600,3520,24799.25,24934.1,24992.5,24706.45,24799.25,72279851,21458000000,8.99596516,7.504438294,-0.006663435976,14,436.9219841,25236.17198,24362.32802,-0.0166082473064,-0.508615063686,-0.158983088162,2.00721274237,9.45874191743e-05,1e-05
38,1130,2017-09-21,BANKNIFTY,2017-10-05,CE,24100,0.0,0.0,0.0,1049.95,0.0,781.85,0,0.0,0,0,0,24799.25,24934.1,24992.5,24706.45,24799.25,72279851,21458000000,8.99596516,7.504438294,-0.006663435976,14,436.9219841,25236.17198,24362.32802,0.970851122866,-8.68430943369,8.92222511908,3.22669783277,0.000152054146535,29.0327072144
39,1131,2017-09-21,BANKNIFTY,2017-10-05,PE,24100,0.0,0.0,0.0,214.25,0.0,25.1,0,0.0,0,0,0,24799.25,24934.1,24992.5,24706.45,24799.25,72279851,21458000000,8.99596516,7.504438294,-0.006663435976,14,436.9219841,25236.17198,24362.32802,-0.0291488771338,-0.797406793733,-0.279161294204,3.22669783277,0.000152054146535,1e-05
40,1132,2017-09-21,BANKNIFTY,2017-10-05,CE,24200,0.0,0.0,0.0,979.4,0.0,693.25,0,0.0,0,0,0,24799.25,24934.1,24992.5,24706.45,24799.25,72279851,21458000000,8.99596516,7.504438294,-0.006663435976,14,436.9219841,25236.17198,24362.32802,0.951384146273,-9.0940229826,8.77371881086,4.8981283574,0.000230818243792,28.9688110352
41,1133,2017-09-21,BANKNIFTY,2017-10-05,PE,24200,0.0,0.0,0.0,242.65,0.0,36.25,0,0.0,0,0,0,24799.25,24934.1,24992.5,24706.45,24799.25,72279851,21458000000,8.99596516,7.504438294,-0.006663435976,14,436.9219841,25236.17198,24362.32802,-0.0486158537273,-1.17439460555,-0.46584762904,4.8981283574,0.000230818243792,1e-05
42,1134,2017-09-21,BANKNIFTY,2017-10-05,CE,24300,0.0,0.0,0.0,911.45,0.0,608.3,0,0.0,0,0,0,24799.25,24934.1,24992.5,24706.45,24799.25,72279851,21458000000,8.99596516,7.504438294,-0.006663435976,14,436.9219841,25236.17198,24362.32802,0.922829871308,-9.57551731049,8.53783722802,7.02608225989,0.000331095440876,28.9125442505
43,1135,2017-09-21,BANKNIFTY,2017-10-05,PE,24300,40.0,80.4,40.0,65.8,64.45,65.8,66,64331000.0,179000,960,960,24799.25,24934.1,24992.5,24706.45,24799.25,72279851,21458000000,8.99596516,7.504438294,-0.006663435976,14,436.9219841,25236.17198,24362.32802,-0.0771701286924,-1.62316319634,-0.739909238491,7.02608225989,0.000331095440876,1e-05
44,1136,2017-09-21,BANKNIFTY,2017-10-05,CE,24400,0.0,0.0,0.0,846.15,0.0,527.75,0,0.0,0,0,0,24799.25,24934.1,24992.5,24706.45,24799.25,72279851,21458000000,8.99596516,7.504438294,-0.006663435976,14,436.9219841,25236.17198,24362.32802,0.883226240451,-10.0866779076,8.19552565115,9.53031323042,0.00044910422964,28.8591384888
45,1137,2017-09-21,BANKNIFTY,2017-10-05,PE,24400,0.0,0.0,0.0,307.2,0.0,70.25,0,0.0,0,0,0,24799.25,24934.1,24992.5,24706.45,24799.25,72279851,21458000000,8.99596516,7.504438294,-0.006663435976,14,436.9219841,25236.17198,24362.32802,-0.116773759549,-2.10159805634,-1.12040084197,9.53031323042,0.00044910422964,1e-05
46,1138,2017-09-21,BANKNIFTY,2017-10-05,CE,24500,0.0,0.0,0.0,783.6,0.0,452.2,0,0.0,0,0,0,24799.25,24934.1,24992.5,24706.45,24799.25,72279851,21458000000,8.99596516,7.504438294,-0.006663435976,14,436.9219841,25236.17198,24362.32802,0.831252563895,-10.5589834096,7.73376777355,12.2322737968,0.000576430781173,28.80859375
47,1139,2017-09-21,BANKNIFTY,2017-10-05,PE,24500,75.0,143.0,66.5,105.3,103.0,105.3,997,980878000.0,3818000,24480,18400,24799.25,24934.1,24992.5,24706.45,24799.25,72279851,21458000000,8.99596516,7.504438294,-0.006663435976,14,436.9219841,25236.17198,24362.32802,-0.168747436105,-2.54117782124,-1.62033874618,12.2322737968,0.000576430781173,1e-05
48,1140,2017-09-21,BANKNIFTY,2017-10-05,CE,24600,0.0,0.0,0.0,723.9,0.0,382.55,0,0.0,0,0,0,24799.25,24934.1,24992.5,24706.45,24799.25,72279851,21458000000,8.99596516,7.504438294,-0.006663435976,14,436.9219841,25236.17198,24362.32802,0.766671465035,-10.9047450254,7.14982393862,14.8663410546,0.000700557944476,28.7704467773
49,1141,2017-09-21,BANKNIFTY,2017-10-05,PE,24600,0.0,0.0,0.0,382.8,0.0,124.6,0,0.0,0,0,0,24799.25,24934.1,24992.5,24706.45,24799.25,72279851,21458000000,8.99596516,7.504438294,-0.006663435976,14,436.9219841,25236.17198,24362.32802,-0.233328534965,-2.85421369997,-2.24246260772,14.8663410546,0.000700557944476,9.68933105469
50,1142,2017-09-21,BANKNIFTY,2017-10-05,CE,24700,0.0,0.0,0.0,667.0,0.0,319.15,0,0.0,0,0,0,24799.25,24934.1,24992.5,24706.45,24799.25,72279851,21458000000,8.99596516,7.504438294,-0.006663435976,14,436.9219841,25236.17198,24362.32802,0.690641341143,-11.0323606307,6.45425216886,17.1192354425,0.000806722807481,28.7284851074
51,1143,2017-09-21,BANKNIFTY,2017-10-05,PE,24700,170.0,170.0,170.0,170.0,170.0,170.0,1,995000.0,7000,40,40,24799.25,24934.1,24992.5,24706.45,24799.25,72279851,21458000000,8.99596516,7.504438294,-0.006663435976,14,436.9219841,25236.17198,24362.32802,-0.309358658857,-2.94910356815,-2.97621440409,17.1192354425,0.000806722807481,1e-05
52,1170,2017-09-22,BANKNIFTY,2017-10-05,CE,23500,0.0,0.0,0.0,1521.8,0.0,942.9,0,0.0,0,0,0,24368.85,24704.55,24709.7,24340.0,24368.85,91287072,28752300000,10.65420719,8.887744559,-0.01750773342,13,489.9834561,24858.83346,23878.86654,0.978731197331,-8.48266654757,8.14818535934,2.34582275029,0.000104100663709,53.4439086914
53,1171,2017-09-22,BANKNIFTY,2017-10-05,PE,23500,0.0,0.0,0.0,92.6,0.0,21.85,0,0.0,0,0,0,24368.85,24704.55,24709.7,24340.0,24368.85,91287072,28752300000,10.65420719,8.887744559,-0.01750773342,13,489.9834561,24858.83346,23878.86654,-0.021268802669,-0.789589515094,-0.185981425838,2.34582275029,0.000104100663709,1e-05
54,1172,2017-09-22,BANKNIFTY,2017-10-05,CE,23600,0.0,0.0,0.0,1438.1,0.0,852.1,0,0.0,0,0,0,24368.85,24704.55,24709.7,24340.0,24368.85,91287072,28752300000,10.65420719,8.887744559,-0.01750773342,13,489.9834561,24858.83346,23878.86654,0.965394257754,-8.88905756576,8.06687345182,3.52072502414,0.00015623934575,52.1926879883
55,1173,2017-09-22,BANKNIFTY,2017-10-05,PE,23600,0.0,0.0,0.0,107.8,0.0,30.85,0,0.0,0,0,0,24368.85,24704.55,24709.7,24340.0,24368.85,91287072,28752300000,10.65420719,8.887744559,-0.01750773342,13,489.9834561,24858.83346,23878.86654,-0.0346057422462,-1.16324403528,-0.302757872873,3.52072502414,0.00015623934575,1e-05
56,1174,2017-09-22,BANKNIFTY,2017-10-05,CE,23700,0.0,0.0,0.0,1356.25,0.0,764.15,0,0.0,0,0,0,24368.85,24704.55,24709.7,24340.0,24368.85,91287072,28752300000,10.65420719,8.887744559,-0.01750773342,13,489.9834561,24858.83346,23878.86654,0.945944795458,-9.38964106496,7.93191106955,5.04634470317,0.000223941827165,51.0010719299
57,1175,2017-09-22,BANKNIFTY,2017-10-05,PE,23700,0.0,0.0,0.0,124.85,0.0,42.65,0,0.0,0,0,0,24368.85,24704.55,24709.7,24340.0,24368.85,91287072,28752300000,10.65420719,8.887744559,-0.01750773342,13,489.9834561,24858.83346,23878.86654,-0.0540552045416,-1.63109103647,-0.473184794649,5.04634470317,0.000223941827165,1e-05
58,1176,2017-09-22,BANKNIFTY,2017-10-05,CE,23800,0.0,0.0,0.0,1276.4,0.0,679.55,0,0.0,0,0,0,24368.85,24704.55,24709.7,24340.0,24368.85,91287072,28752300000,10.65420719,8.887744559,-0.01750773342,13,489.9834561,24858.83346,23878.86654,0.918844000391,-9.96731861345,7.72969271703,6.91160378502,0.00030671649903,49.861907959
59,1177,2017-09-22,BANKNIFTY,2017-10-05,PE,23800,31.25,86.95,31.25,82.4,86.95,82.4,81,77363000.0,251000,2320,2320,24368.85,24704.55,24709.7,24340.0,24368.85,91287072,28752300000,10.65420719,8.887744559,-0.01750773342,13,489.9834561,24858.83346,23878.86654,-0.0811559996095,-2.17603208694,-0.71086768668,6.91160378502,0.00030671649903,1e-05
60,1178,2017-09-22,BANKNIFTY,2017-10-05,CE,23900,0.0,0.0,0.0,1198.7,0.0,598.95,0,0.0,0,0,0,24368.85,24704.55,24709.7,24340.0,24368.85,91287072,28752300000,10.65420719,8.887744559,-0.01750773342,13,489.9834561,24858.83346,23878.86654,0.882742608174,-10.5840477247,7.4482067071,9.05072316999,0.000401644279785,48.7823486328
61,1179,2017-09-22,BANKNIFTY,2017-10-05,PE,23900,0.0,0.0,0.0,165.15,0.0,77.0,0,0.0,0,0,0,24368.85,24704.55,24709.7,24340.0,24368.85,91287072,28752300000,10.65420719,8.887744559,-0.01750773342,13,489.9834561,24858.83346,23878.86654,-0.117257391826,-2.76002470021,-1.02781823612,9.05072316999,0.000401644279785,1e-05
62,1180,2017-09-22,BANKNIFTY,2017-10-05,CE,24000,550.0,550.0,550.0,550.0,550.0,550.0,2,1964000.0,44000,80,80,24368.85,24704.55,24709.7,24340.0,24368.85,91287072,28752300000,10.65420719,8.887744559,-0.01750773342,13,489.9834561,24858.83346,23878.86654,0.836740883175,-11.180747471,7.07930381972,11.3378818733,0.000503141606893,13.5269165039
63,1181,2017-09-22,BANKNIFTY,2017-10-05,PE,24000,64.65,121.7,59.2,114.7,118.4,114.7,1687,1625365000.0,5845000,24600,21000,24368.85,24704.55,24709.7,24340.0,24368.85,91287072,28752300000,10.65420719,8.887744559,-0.01750773342,13,489.9834561,24858.83346,23878.86654,-0.163259116825,-3.32398794852,-1.43218566302,11.3378818733,0.000503141606893,1e-05
64,1182,2017-09-22,BANKNIFTY,2017-10-05,CE,24100,0.0,0.0,0.0,1049.95,0.0,451.65,0,0.0,0,0,0,24368.85,24704.55,24709.7,24340.0,24368.85,91287072,28752300000,10.65420719,8.887744559,-0.01750773342,13,489.9834561,24858.83346,23878.86654,0.780640004623,-11.6823107138,6.62090056158,13.5944854927,0.000603282989899,46.769618988
65,1183,2017-09-22,BANKNIFTY,2017-10-05,PE,24100,0.0,0.0,0.0,214.25,0.0,129.3,0,0.0,0,0,0,24368.85,24704.55,24709.7,24340.0,24368.85,91287072,28752300000,10.65420719,8.887744559,-0.01750773342,13,489.9834561,24858.83346,23878.86654,-0.219359995377,-3.79281469323,-1.92605346067,13.5944854927,0.000603282989899,1e-05
66,1184,2017-09-22,BANKNIFTY,2017-10-05,CE,24200,0.0,0.0,0.0,979.4,0.0,386.05,0,0.0,0,0,0,24368.85,24704.55,24709.7,24340.0,24368.85,91287072,28752300000,10.65420719,8.887744559,-0.01750773342,13,489.9834561,24858.83346,23878.86654,0.715124491139,-12.0077375299,6.07859152805,15.610263264,0.000692737235262,45.8526611328
67,1185,2017-09-22,BANKNIFTY,2017-10-05,PE,24200,0.0,0.0,0.0,242.65,0.0,163.5,0,0.0,0,0,0,24368.85,24704.55,24709.7,24340.0,24368.85,91287072,28752300000,10.65420719,8.887744559,-0.01750773342,13,489.9834561,24858.83346,23878.86654,-0.284875508861,-4.08550501137,-2.50382703371,15.610263264,0.000692737235262,1e-05
68,1186,2017-09-22,BANKNIFTY,2017-10-05,CE,24300,0.0,0.0,0.0,911.45,0.0,326.3,0,0.0,0,0,0,24368.85,24704.55,24709.7,24340.0,24368.85,91287072,28752300000,10.65420719,8.887744559,-0.01750773342,13,489.9834561,24858.83346,23878.86654,0.641820496335,-12.0837720118,5.46618839016,17.1753324935,0.00076219037085,44.9934005737
69,1187,2017-09-22,BANKNIFTY,2017-10-05,PE,24300,140.45,208.5,140.45,198.35,207.25,198.35,46,45006000.0,294000,960,0,24368.85,24704.55,24709.7,24340.0,24368.85,91287072,28752300000,10.65420719,8.887744559,-0.01750773342,13,489.9834561,24858.83346,23878.86654,-0.358179503665,-4.12880299522,-3.15169471111,17.1753324935,0.00076219037085,4.70066070557
70,1188,2017-09-22,BANKNIFTY,2017-10-05,CE,24400,0.0,0.0,0.0,846.15,0.0,272.5,0,0.0,0,0,0,24368.85,24704.55,24709.7,24340.0,24368.85,91287072,28752300000,10.65420719,8.887744559,-0.01750773342,13,489.9834561,24858.83346,23878.86654,0.563198009715,-11.8590348502,4.80490288711,18.1165274311,0.000803957813714,44.1818237305
71,1189,2017-09-22,BANKNIFTY,2017-10-05,PE,24400,0.0,0.0,0.0,307.2,0.0,249.45,0,0.0,0,0,0,24368.85,24704.55,24709.7,24340.0,24368.85,91287072,28752300000,10.65420719,8.887744559,-0.01750773342,13,489.9834561,24858.83346,23878.86654,-0.436801990285,-3.87132933563,-3.84844475367,18.1165274311,0.000803957813714,14.6942138672
72,1190,2017-09-22,BANKNIFTY,2017-10-05,CE,24500,295.0,295.0,170.0,213.45,210.0,213.45,346,342297000.0,3217000,8520,8520,24368.85,24704.55,24709.7,24340.0,24368.85,91287072,28752300000,10.65420719,8.887744559,-0.01750773342,13,489.9834561,24858.83346,23878.86654,0.482321051379,-11.3150784864,4.12120373754,18.3292053048,0.000813395827649,12.3405456543
73,1191,2017-09-22,BANKNIFTY,2017-10-05,PE,24500,161.15,289.45,160.0,275.45,281.0,275.45,1348,1333303000.0,12263000,36840,12360,24368.85,24704.55,24709.7,24340.0,24368.85,91287072,28752300000,10.65420719,8.887744559,-0.01750773342,13,489.9834561,24858.83346,23878.86654,-0.517678948621,-3.29463647383,-4.56760844275,18.3292053048,0.000813395827649,15.7208442688
74,1192,2017-09-22,BANKNIFTY,2017-10-05,CE,24600,0.0,0.0,0.0,723.9,0.0,182.95,0,0.0,0,0,0,24368.85,24704.55,24709.7,24340.0,24368.85,91287072,28752300000,10.65420719,8.887744559,-0.01750773342,13,489.9834561,24858.83346,23878.86654,0.402488188727,-10.4713632872,3.44371024706,17.7963874886,0.000789750951541,42.7093505859
75,1193,2017-09-22,BANKNIFTY,2017-10-05,PE,24600,0.0,0.0,0.0,382.8,0.0,359.5,0,0.0,0,0,0,24368.85,24704.55,24709.7,24340.0,24368.85,91287072,28752300000,10.65420719,8.887744559,-0.01750773342,13,489.9834561,24858.83346,23878.86654,-0.597511811273,-2.41818477659,-5.28056647274,17.7963874886,0.000789750951541,24.0859985352
76,1194,2017-09-22,BANKNIFTY,2017-10-05,CE,24700,0.0,0.0,0.0,667.0,0.0,147.0,0,0.0,0,0,0,24368.85,24704.55,24709.7,24340.0,24368.85,91287072,28752300000,10.65420719,8.887744559,-0.01750773342,13,489.9834561,24858.83346,23878.86654,0.326833793387,-9.38273713284,2.79973133833,16.590405103,0.000736233026223,42.0379638672
77,1195,2017-09-22,BANKNIFTY,2017-10-05,PE,24700,0.0,0.0,0.0,170.0,170.0,423.3,0,0.0,0,40,0,24368.85,24704.55,24709.7,24340.0,24368.85,91287072,28752300000,10.65420719,8.887744559,-0.01750773342,13,489.9834561,24858.83346,23878.86654,-0.673166206613,-1.29682212424,-5.96000992098,16.590405103,0.000736233026223,14.533996582
78,1222,2017-09-25,BANKNIFTY,2017-10-05,CE,23500,0.0,0.0,0.0,1521.8,0.0,733.9,0,0.0,0,0,0,24165.05,24361.55,24363.8,24015.45,24165.05,92662078,30780600000,15.85220174,13.22391402,-0.008398302954,10,634.0607302,24799.11073,23530.98927,0.885317363238,-12.9193249745,5.64814482021,7.74851505294,0.000305524722782,70.7855224609
79,1223,2017-09-25,BANKNIFTY,2017-10-05,PE,23500,55.7,74.9,47.05,54.05,53.0,54.05,43,40518000.0,98000,1160,1160,24165.05,24361.55,24363.8,24015.45,24165.05,92662078,30780600000,15.85220174,13.22391402,-0.008398302954,10,634.0607302,24799.11073,23530.98927,-0.114682636762,-5.21865650649,-0.769078903118,7.74851505294,0.000305524722782,1e-05
80,1224,2017-09-25,BANKNIFTY,2017-10-05,CE,23600,0.0,0.0,0.0,1438.1,0.0,646.65,0,0.0,0,0,0,24165.05,24361.55,24363.8,24015.45,24165.05,92662078,30780600000,15.85220174,13.22391402,-0.008398302954,10,634.0607302,24799.11073,23530.98927,0.85086783705,-13.8956352277,5.44363399687,9.28990755008,0.000366301982963,69.0650939941
81,1225,2017-09-25,BANKNIFTY,2017-10-05,PE,23600,0.0,0.0,0.0,107.8,0.0,41.4,0,0.0,0,0,0,24165.05,24361.55,24363.8,24015.45,24165.05,92662078,30780600000,15.85220174,13.22391402,-0.008398302954,10,634.0607302,24799.11073,23530.98927,-0.14913216295,-6.16219795775,-1.00089706145,9.28990755008,0.000366301982963,1e-05
82,1226,2017-09-25,BANKNIFTY,2017-10-05,CE,23700,0.0,0.0,0.0,1356.25,0.0,563.5,0,0.0,0,0,0,24165.05,24361.55,24363.8,24015.45,24165.05,92662078,30780600000,15.85220174,13.22391402,-0.008398302954,10,634.0607302,24799.11073,23530.98927,0.81030319921,-14.8317619743,5.19758561948,10.8434895946,0.000427559878215,67.400932312
83,1227,2017-09-25,BANKNIFTY,2017-10-05,PE,23700,100.0,100.0,100.0,100.0,100.0,100.0,1,952000.0,4000,40,40,24165.05,24361.55,24363.8,24015.45,24165.05,92662078,30780600000,15.85220174,13.22391402,-0.008398302954,10,634.0607302,24799.11073,23530.98927,-0.18969680079,-7.06555590236,-1.27425277383,10.8434895946,0.000427559878215,1e-05
84,1228,2017-09-25,BANKNIFTY,2017-10-05,CE,23800,0.0,0.0,0.0,1276.4,0.0,485.1,0,0.0,0,0,0,24165.05,24361.55,24363.8,24015.45,24165.05,92662078,30780600000,15.85220174,13.22391402,-0.008398302954,10,634.0607302,24799.11073,23530.98927,0.763789081451,-15.6631628325,4.91093141358,12.3264203881,0.000486031987582,65.803527832
85,1229,2017-09-25,BANKNIFTY,2017-10-05,PE,23800,115.0,179.9,90.9,93.7,93.0,93.7,206,197099000.0,987000,3160,840,24165.05,24361.55,24363.8,24015.45,24165.05,92662078,30780600000,15.85220174,13.22391402,-0.008398302954,10,634.0607302,24799.11073,23530.98927,-0.236210918549,-7.86418795857,-1.58821431473,12.3264203881,0.000486031987582,1e-05
86,1230,2017-09-25,BANKNIFTY,2017-10-05,CE,23900,0.0,0.0,0.0,1198.7,0.0,412.15,0,0.0,0,0,0,24165.05,24361.55,24363.8,24015.45,24165.05,92662078,30780600000,15.85220174,13.22391402,-0.008398302954,10,634.0607302,24799.11073,23530.98927,0.711832791991,-16.3240191904,4.58687589935,13.6508079933,0.000538252723189,64.2700195312
87,1231,2017-09-25,BANKNIFTY,2017-10-05,PE,23900,0.0,0.0,0.0,165.15,0.0,106.3,0,0.0,0,0,0,24165.05,24361.55,24363.8,24015.45,24165.05,92662078,30780600000,15.85220174,13.22391402,-0.008398302954,10,634.0607302,24799.11073,23530.98927,-0.288167208009,-8.49227551447,-1.93957716395,13.6508079933,0.000538252723189,1e-05
88,1232,2017-09-25,BANKNIFTY,2017-10-05,CE,24000,348.0,360.1,300.0,345.0,345.0,345.0,105,102175000.0,1375000,2280,2200,24165.05,24361.55,24363.8,24015.45,24165.05,92662078,30780600000,15.85220174,13.22391402,-0.008398302954,10,634.0607302,24799.11073,23530.98927,0.655280688276,-16.7541356222,4.23088837273,14.7324261532,0.000580901035308,12.5885009766
89,1233,2017-09-25,BANKNIFTY,2017-10-05,PE,24000,138.8,223.6,135.0,149.85,145.1,149.85,3222,3114696000.0,21576000,50120,25520,24165.05,24361.55,24363.8,24015.45,24165.05,92662078,30780600000,15.85220174,13.22391402,-0.008398302954,10,634.0607302,24799.11073,23530.98927,-0.344719311724,-8.88962314429,-2.32287202557,14.7324261532,0.000580901035308,1e-05
90,1234,2017-09-25,BANKNIFTY,2017-10-05,CE,24100,289.95,344.95,219.2,283.8,290.0,283.8,76,74102000.0,838000,1760,1760,24165.05,24361.55,24363.8,24015.45,24165.05,92662078,30780600000,15.85220174,13.22391402,-0.008398302954,10,634.0607302,24799.11073,23530.98927,0.595280072377,-16.9057793315,3.85045928969,15.4997121351,0.000611155198245,12.8021240234
91,1235,2017-09-25,BANKNIFTY,2017-10-05,PE,24100,215.0,220.0,141.25,141.25,141.25,141.25,94,91345000.0,729000,1520,1520,24165.05,24361.55,24363.8,24015.45,24165.05,92662078,30780600000,15.85220174,13.22391402,-0.008398302954,10,634.0607302,24799.11073,23530.98927,-0.404719927623,-9.00849805155,-2.7306084436,15.4997121351,0.000611155198245,1e-05
92,1236,2017-09-25,BANKNIFTY,2017-10-05,CE,24200,175.9,240.0,150.0,231.55,237.95,231.55,243,237279000.0,2055000,4840,4840,24165.05,24361.55,24363.8,24015.45,24165.05,92662078,30780600000,15.85220174,13.22391402,-0.008398302954,10,634.0607302,24799.11073,23530.98927,0.533208053622,-16.7494023944,3.4546362998,15.901688663,0.000627005172904,13.0820274353
93,1237,2017-09-25,BANKNIFTY,2017-10-05,PE,24200,144.55,263.35,144.55,209.65,206.0,209.65,23,22461000.0,197000,640,640,24165.05,24361.55,24363.8,24015.45,24165.05,92662078,30780600000,15.85220174,13.22391402,-0.008398302954,10,634.0607302,24799.11073,23530.98927,-0.466791946378,-8.81935231242,-3.15373876848,15.901688663,0.000627005172904,11.7025375366
94,1238,2017-09-25,BANKNIFTY,2017-10-05,CE,24300,326.3,326.3,140.0,177.7,179.8,177.7,311,304437000.0,2145000,8480,8480,24165.05,24361.55,24363.8,24015.45,24165.05,92662078,30780600000,15.85220174,13.22391402,-0.008398302954,10,634.0607302,24799.11073,23530.98927,0.470574924906,-16.2773300292,3.05338911357,15.9135788199,0.00062747400298,12.7792358398
95,1239,2017-09-25,BANKNIFTY,2017-10-05,PE,24300,255.0,321.05,251.6,271.15,272.0,271.15,307,302011000.0,3607000,10840,9880,24165.05,24361.55,24363.8,24015.45,24165.05,92662078,30780600000,15.85220174,13.22391402,-0.008398302954,10,634.0607302,24799.11073,23530.98927,-0.529425075094,-8.31451114526,-3.5822932897,15.9135788199,0.00062747400298,18.6505317688
96,1240,2017-09-25,BANKNIFTY,2017-10-05,CE,24400,110.0,141.0,110.0,133.85,135.4,133.85,24,23554000.0,130000,520,520,24165.05,24361.55,24363.8,24015.45,24165.05,92662078,30780600000,15.85220174,13.22391402,-0.008398302954,10,634.0607302,24799.11073,23530.98927,0.408913542641,-15.5048247457,2.6568787785,15.539254942,0.000612714375071,12.6128196716
97,1241,2017-09-25,BANKNIFTY,2017-10-05,PE,24400,0.0,0.0,0.0,307.2,0.0,339.0,0,0.0,0,0,0,24165.05,24361.55,24363.8,24015.45,24165.05,92662078,30780600000,15.85220174,13.22391402,-0.008398302954,10,634.0607302,24799.11073,23530.98927,-0.591086457359,-7.50923705975,-4.00611095977,15.539254942,0.000612714375071,23.7159729004
98,1242,2017-09-25,BANKNIFTY,2017-10-05,CE,24500,168.15,168.15,77.65,98.45,101.85,98.45,3300,3247004000.0,13004000,43880,35360,24165.05,24361.55,24363.8,24015.45,24165.05,92662078,30780600000,15.85220174,13.22391402,-0.008398302954,10,634.0607302,24799.11073,23530.98927,0.349668205398,-14.4683799857,2.27472056976,14.8102017556,0.000583967735083,12.5021934509
99,1243,2017-09-25,BANKNIFTY,2017-10-05,PE,24500,330.0,485.65,330.0,383.9,378.35,383.9,340,338823000.0,5623000,30440,-6400,24165.05,24361.55,24363.8,24015.45,24165.05,92662078,30780600000,15.85220174,13.22391402,-0.008398302954,10,634.0607302,24799.11073,23530.98927,-0.650331794602,-6.44002349777,-4.4155765035,14.8102017556,0.000583967735083,31.2309265137
100,1244,2017-09-25,BANKNIFTY,2017-10-05,CE,24600,75.0,75.0,75.0,75.0,75.0,75.0,2,1974000.0,6000,0,0,24165.05,24361.55,24363.8,24015.45,24165.05,92662078,30780600000,15.85220174,13.22391402,-0.008398302954,10,634.0607302,24799.11073,23530.98927,0.294096237115,-13.2215610388,1.91532815638,13.7812619726,0.000543396536628,12.7716064453
101,1245,2017-09-25,BANKNIFTY,2017-10-05,PE,24600,0.0,0.0,0.0,382.8,0.0,478.4,0,0.0,0,0,0,24165.05,24361.55,24363.8,24015.45,24165.05,92662078,30780600000,15.85220174,13.22391402,-0.008398302954,10,634.0607302,24799.11073,23530.98927,-0.705903762885,-5.16043574885,-4.80227625187,13.7812619726,0.000543396536628,33.6990356445
102,1246,2017-09-25,BANKNIFTY,2017-10-05,CE,24700,52.8,54.4,50.0,54.4,54.4,54.4,10,9900000.0,20000,360,360,24165.05,24361.55,24363.8,24015.45,24165.05,92662078,30780600000,15.85220174,13.22391402,-0.008398302954,10,634.0607302,24799.11073,23530.98927,0.243193038863,-11.8290969272,1.58541085814,12.5239434373,0.000493820341148,12.8326416016
103,1247,2017-09-25,BANKNIFTY,2017-10-05,PE,24700,0.0,0.0,0.0,170.0,170.0,556.45,0,0.0,0,40,0,24165.05,24361.55,24363.8,24015.45,24165.05,92662078,30780600000,15.85220174,13.22391402,-0.008398302954,10,634.0607302,24799.11073,23530.98927,-0.756806961137,-3.73520283533,-5.1595008851,12.5239434373,0.000493820341148,21.8124389648
104,1274,2017-09-26,BANKNIFTY,2017-10-05,CE,23500,0.0,0.0,0.0,1521.8,0.0,753.9,0,0.0,0,0,0,24199.15,24105.6,24236.95,24017.4,24199.15,66244294,22208500000,14.18124224,11.82999883,0.001410134176,9,538.8764564,24738.02646,23660.27354,0.927929368133,-11.2347533362,5.34306550388,5.21759565951,0.000254804020567,73.4329223633
105,1275,2017-09-26,BANKNIFTY,2017-10-05,PE,23500,54.45,61.55,19.5,35.15,39.0,35.15,1966,1851227000.0,3187000,31320,30160,24199.15,24105.6,24236.95,24017.4,24199.15,66244294,22208500000,14.18124224,11.82999883,0.001410134176,9,538.8764564,24738.02646,23660.27354,-0.0720706318666,-3.53155272533,-0.43433495425,5.21759565951,0.000254804020567,1e-05
106,1276,2017-09-26,BANKNIFTY,2017-10-05,CE,23600,0.0,0.0,0.0,1438.1,0.0,663.7,0,0.0,0,0,0,24199.15,24105.6,24236.95,24017.4,24199.15,66244294,22208500000,14.18124224,11.82999883,0.001410134176,9,538.8764564,24738.02646,23660.27354,0.897931833515,-12.2482411549,5.18644517137,6.76905838368,0.000330570516416,71.6552734375
107,1277,2017-09-26,BANKNIFTY,2017-10-05,PE,23600,67.0,75.95,33.75,33.75,33.75,33.75,4,3786000.0,10000,80,80,24199.15,24105.6,24236.95,24017.4,24199.15,66244294,22208500000,14.18124224,11.82999883,0.001410134176,9,538.8764564,24738.02646,23660.27354,-0.102068166485,-4.51226096701,-0.615539969561,6.76905838368,0.000330570516416,1e-05
108,1278,2017-09-26,BANKNIFTY,2017-10-05,CE,23700,0.0,0.0,0.0,1356.25,0.0,577.25,0,0.0,0,0,0,24199.15,24105.6,24236.95,24017.4,24199.15,66244294,22208500000,14.18124224,11.82999883,0.001410134176,9,538.8764564,24738.02646,23660.27354,0.859923198573,-13.3074452098,4.98116506142,8.46089857799,0.000413192419645,69.9353218079
109,1279,2017-09-26,BANKNIFTY,2017-10-05,PE,23700,76.0,85.0,45.0,64.45,72.1,64.45,19,18059000.0,47000,480,440,24199.15,24105.6,24236.95,24017.4,24199.15,66244294,22208500000,14.18124224,11.82999883,0.001410134176,9,538.8764564,24738.02646,23660.27354,-0.140076801427,-5.53868544485,-0.845404762306,8.46089857799,0.000413192419645,1e-05
110,1280,2017-09-26,BANKNIFTY,2017-10-05,CE,23800,0.0,0.0,0.0,1276.4,0.0,495.35,0,0.0,0,0,0,24199.15,24105.6,24236.95,24017.4,24199.15,66244294,22208500000,14.18124224,11.82999883,0.001410134176,9,538.8764564,24738.02646,23660.27354,0.813506801094,-14.3307118331,4.72465421159,10.1938257222,0.000497820825619,68.2830810547
111,1281,2017-09-26,BANKNIFTY,2017-10-05,PE,23800,97.9,120.0,54.0,71.4,79.95,71.4,2014,1923131000.0,5803000,33640,30480,24199.15,24105.6,24236.95,24017.4,24199.15,66244294,22208500000,14.18124224,11.82999883,0.001410134176,9,538.8764564,24738.02646,23660.27354,-0.186493198906,-6.5291724911,-1.12650029494,10.1938257222,0.000497820825619,1e-05
112,1282,2017-09-26,BANKNIFTY,2017-10-05,CE,23900,0.0,0.0,0.0,1198.7,0.0,418.85,0,0.0,0,0,0,24199.15,24105.6,24236.95,24017.4,24199.15,66244294,22208500000,14.18124224,11.82999883,0.001410134176,9,538.8764564,24738.02646,23660.27354,0.758849061435,-15.2213310418,4.41770010394,11.8437548287,0.000578395978897,66.7037963867
113,1283,2017-09-26,BANKNIFTY,2017-10-05,PE,23900,130.0,152.3,68.55,91.6,95.85,91.6,120,115192000.0,472000,2920,2920,24199.15,24105.6,24236.95,24017.4,24199.15,66244294,22208500000,14.18124224,11.82999883,0.001410134176,9,538.8764564,24738.02646,23660.27354,-0.241150938565,-7.38701212269,-1.45803908538,11.8437548287,0.000578395978897,1e-05
114,1284,2017-09-26,BANKNIFTY,2017-10-05,CE,24000,289.35,373.8,245.5,321.8,310.1,321.8,846,822758000.0,10598000,14240,11960,24199.15,24105.6,24236.95,24017.4,24199.15,66244294,22208500000,14.18124224,11.82999883,0.001410134176,9,538.8764564,24738.02646,23660.27354,0.696759498497,-15.8794197553,4.06494133824,13.2760558131,0.000648343148684,9.91821289062
115,1285,2017-09-26,BANKNIFTY,2017-10-05,PE,24000,160.05,189.5,87.4,114.05,119.0,114.05,5906,5700101000.0,30341000,110560,60440,24199.15,24105.6,24236.95,24017.4,24199.15,66244294,22208500000,14.18124224,11.82999883,0.001410134176,9,538.8764564,24738.02646,23660.27354,-0.303240501503,-8.0123212591,-1.83538253388,13.2760558131,0.000648343148684,1e-05
116,1286,2017-09-26,BANKNIFTY,2017-10-05,CE,24100,224.4,325.0,210.0,264.1,243.0,264.1,179,174367000.0,1811000,4040,2280,24199.15,24105.6,24236.95,24017.4,24199.15,66244294,22208500000,14.18124224,11.82999883,0.001410134176,9,538.8764564,24738.02646,23660.27354,0.628688064557,-16.2162928312,3.67486770023,14.363794279,0.000701463427166,10.9329223633
117,1287,2017-09-26,BANKNIFTY,2017-10-05,PE,24100,213.65,230.0,119.1,147.3,159.25,147.3,230,223201000.0,1481000,4680,3160,24199.15,24105.6,24236.95,24017.4,24199.15,66244294,22208500000,14.18124224,11.82999883,0.001410134176,9,538.8764564,24738.02646,23660.27354,-0.371311935443,-8.31641475796,-2.2500408547,14.363794279,0.000701463427166,1e-05
118,1288,2017-09-26,BANKNIFTY,2017-10-05,CE,24200,171.2,251.4,151.5,213.0,215.8,213.0,475,463646000.0,3846000,10520,5680,24199.15,24105.6,24236.95,24017.4,24199.15,66244294,22208500000,14.18124224,11.82999883,0.001410134176,9,538.8764564,24738.02646,23660.27354,0.556630376969,-16.168525587,3.25926918961,15.006513281,0.000732850946724,11.589050293
119,1289,2017-09-26,BANKNIFTY,2017-10-05,PE,24200,236.2,277.55,147.6,181.55,199.3,181.55,272,265307000.0,2011000,4920,4280,24199.15,24105.6,24236.95,24017.4,24199.15,66244294,22208500000,14.18124224,11.82999883,0.001410134176,9,538.8764564,24738.02646,23660.27354,-0.443369623031,-8.23586793671,-2.69022404812,15.006513281,0.000732850946724,9.47761535645
120,1290,2017-09-26,BANKNIFTY,2017-10-05,CE,24300,150.0,195.0,102.6,160.25,154.9,160.25,2393,2340787000.0,14791000,42080,33600,24199.15,24105.6,24236.95,24017.4,24199.15,66244294,22208500000,14.18124224,11.82999883,0.001410134176,9,538.8764564,24738.02646,23660.27354,0.482950008901,-15.7087063258,2.83218651071,15.14565748,0.000739646126658,11.4970207214
121,1291,2017-09-26,BANKNIFTY,2017-10-05,PE,24300,310.0,334.7,202.15,243.45,249.05,243.45,547,537699000.0,6015000,4480,-6360,24199.15,24105.6,24236.95,24017.4,24199.15,66244294,22208500000,14.18124224,11.82999883,0.001410134176,9,538.8764564,24738.02646,23660.27354,-0.517049991099,-7.74326909842,-3.14189140982,15.14565748,0.000739646126658,16.9906616211
122,1292,2017-09-26,BANKNIFTY,2017-10-05,CE,24400,98.3,145.85,85.65,115.35,105.3,115.35,543,532416000.0,2448000,11120,10600,24199.15,24105.6,24236.95,24017.4,24199.15,66244294,22208500000,14.18124224,11.82999883,0.001410134176,9,538.8764564,24738.02646,23660.27354,0.4101446374,-14.8504867616,2.40852126377,14.7733356382,0.000721463594238,11.323928833
123,1293,2017-09-26,BANKNIFTY,2017-10-05,PE,24400,350.0,390.0,266.0,266.0,266.0,266.0,20,19821000.0,301000,760,760,24199.15,24105.6,24236.95,24017.4,24199.15,66244294,22208500000,14.18124224,11.82999883,0.001410134176,9,538.8764564,24738.02646,23660.27354,-0.5898553626,-6.85226995712,-3.59014133956,14.7733356382,0.000721463594238,21.4691162109
124,1294,2017-09-26,BANKNIFTY,2017-10-05,CE,24500,61.2,104.0,61.2,82.35,78.9,82.35,7358,7234054000.0,23214000,99600,55720,24199.15,24105.6,24236.95,24017.4,24199.15,66244294,22208500000,14.18124224,11.82999883,0.001410134176,9,538.8764564,24738.02646,23660.27354,0.340594720899,-13.646815906,2.00253578199,13.9326177635,0.000680406695885,11.3668441772
125,1295,2017-09-26,BANKNIFTY,2017-10-05,PE,24500,427.75,486.2,307.1,358.2,365.1,358.2,1190,1185291000.0,19091000,36160,5720,24199.15,24105.6,24236.95,24017.4,24199.15,66244294,22208500000,14.18124224,11.82999883,0.001410134176,9,538.8764564,24738.02646,23660.27354,-0.659405279101,-5.61581952453,-4.02071150414,13.9326177635,0.000680406695885,30.4336547852
126,1296,2017-09-26,BANKNIFTY,2017-10-05,CE,24600,65.0,75.0,43.3,57.6,60.0,57.6,296,291920000.0,656000,4960,4960,24199.15,24105.6,24236.95,24017.4,24199.15,66244294,22208500000,14.18124224,11.82999883,0.001410134176,9,538.8764564,24738.02646,23660.27354,0.276336299293,-12.1818177371,1.62649100617,12.7095308062,0.000620676602842,11.4593505859
127,1297,2017-09-26,BANKNIFTY,2017-10-05,PE,24600,0.0,0.0,0.0,382.8,0.0,441.65,0,0.0,0,0,0,24199.15,24105.6,24236.95,24017.4,24199.15,66244294,22208500000,14.18124224,11.82999883,0.001410134176,9,538.8764564,24738.02646,23660.27354,-0.723663700707,-4.11804177853,-4.42134096276,12.7095308062,0.000620676602842,34.782409668
128,1298,2017-09-26,BANKNIFTY,2017-10-05,CE,24700,40.0,54.0,26.6,40.05,35.3,40.05,714,706531000.0,1099000,15440,15080,24199.15,24105.6,24236.95,24017.4,24199.15,66244294,22208500000,14.18124224,11.82999883,0.001410134176,9,538.8764564,24738.02646,23660.27354,0.218892944089,-10.558181204,1.2896325539,11.2187689686,0.000547874466625,11.6271972656
129,1299,2017-09-26,BANKNIFTY,2017-10-05,PE,24700,500.1,500.1,500.1,500.1,500.1,500.1,1,1008000.0,20000,0,-40,24199.15,24105.6,24236.95,24017.4,24199.15,66244294,22208500000,14.18124224,11.82999883,0.001410134176,9,538.8764564,24738.02646,23660.27354,-0.781107055911,-2.46162566838,-4.78278409783,11.2187689686,0.000547874466625,45.3338623047
130,1326,2017-09-27,BANKNIFTY,2017-10-05,CE,23500,568.8,575.0,409.9,417.55,409.9,417.55,44,42305000.0,945000,640,640,23812.95,24308.7,24331.85,23766.6,23812.95,80405424,25481200000,13.70557445,11.43319654,-0.01608795823,8,483.1800613,24296.13006,23329.76994,0.785746839253,-14.8147503134,4.00586526042,10.2801410681,0.000603501436888,12.0162963867
131,1327,2017-09-27,BANKNIFTY,2017-10-05,PE,23500,30.0,121.9,17.05,107.15,110.0,107.15,8537,8051375000.0,26595000,69640,38320,23812.95,24308.7,24331.85,23766.6,23812.95,80405424,25481200000,13.70557445,11.43319654,-0.01608795823,8,483.1800613,24296.13006,23329.76994,-0.214253160747,-7.10901672715,-1.13129046378,10.2801410681,0.000603501436888,1e-05
132,1328,2017-09-27,BANKNIFTY,2017-10-05,CE,23600,0.0,0.0,0.0,1438.1,0.0,360.6,0,0.0,0,0,0,23812.95,24308.7,24331.85,23766.6,23812.95,80405424,25481200000,13.70557445,11.43319654,-0.01608795823,8,483.1800613,24296.13006,23329.76994,0.71987724678,-15.6853750548,3.67840641052,11.8699327502,0.000696831047654,92.7581787109
133,1329,2017-09-27,BANKNIFTY,2017-10-05,PE,23600,46.55,147.7,46.55,128.0,120.0,128.0,426,404106000.0,1962000,6680,6600,23812.95,24308.7,24331.85,23766.6,23812.95,80405424,25481200000,13.70557445,11.43319654,-0.01608795823,8,483.1800613,24296.13006,23329.76994,-0.28012275322,-7.94685111281,-1.4806095508,11.8699327502,0.000696831047654,1e-05
134,1330,2017-09-27,BANKNIFTY,2017-10-05,CE,23700,300.0,308.15,294.6,301.85,302.75,301.85,4,3840000.0,48000,160,160,23812.95,24308.7,24331.85,23766.6,23812.95,80405424,25481200000,13.70557445,11.43319654,-0.01608795823,8,483.1800613,24296.13006,23329.76994,0.645830729395,-16.19347368,3.30671898044,13.1139576823,0.000769862227782,14.4367218018
135,1331,2017-09-27,BANKNIFTY,2017-10-05,PE,23700,35.2,175.0,28.05,156.95,155.55,156.95,1295,1234814000.0,7154000,14160,13680,23812.95,24308.7,24331.85,23766.6,23812.95,80405424,25481200000,13.70557445,11.43319654,-0.01608795823,8,483.1800613,24296.13006,23329.76994,-0.354169270605,-8.42215938234,-1.874157218,13.1139576823,0.000769862227782,1e-05
136,1332,2017-09-27,BANKNIFTY,2017-10-05,CE,23800,340.0,340.0,209.95,220.35,210.0,220.35,143,137433000.0,1297000,3400,3400,23812.95,24308.7,24331.85,23766.6,23812.95,80405424,25481200000,13.70557445,11.43319654,-0.01608795823,8,483.1800613,24296.13006,23329.76994,0.566148696438,-16.2374462579,2.90392021988,13.8706374945,0.00081428353979,12.8264427185
137,1333,2017-09-27,BANKNIFTY,2017-10-05,PE,23800,50.25,218.55,40.1,199.5,198.0,199.5,5388,5158429000.0,29053000,46600,12960,23812.95,24308.7,24331.85,23766.6,23812.95,80405424,25481200000,13.70557445,11.43319654,-0.01608795823,8,483.1800613,24296.13006,23329.76994,-0.433851303562,-8.43334160454,-2.29881621569,13.8706374945,0.00081428353979,11.3143920898
138,1334,2017-09-27,BANKNIFTY,2017-10-05,CE,23900,238.6,274.4,140.3,168.15,160.55,168.15,656,632484000.0,5348000,11800,11800,23812.95,24308.7,24331.85,23766.6,23812.95,80405424,25481200000,13.70557445,11.43319654,-0.01608795823,8,483.1800613,24296.13006,23329.76994,0.484021204477,-15.7677611617,2.48657753086,14.0531371778,0.000824997285877,12.7935409546
139,1335,2017-09-27,BANKNIFTY,2017-10-05,PE,23900,64.0,261.6,52.0,239.4,241.0,239.4,1306,1257768000.0,9232000,5960,3040,23812.95,24308.7,24331.85,23766.6,23812.95,80405424,25481200000,13.70557445,11.43319654,-0.01608795823,8,483.1800613,24296.13006,23329.76994,-0.515978795523,-7.93086615266,-2.73801914183,14.0531371778,0.000824997285877,17.8604125977
140,1336,2017-09-27,BANKNIFTY,2017-10-05,CE,24000,355.9,399.0,108.25,123.95,117.35,123.95,8253,7978538000.0,55658000,102200,87960,23812.95,24308.7,24331.85,23766.6,23812.95,80405424,25481200000,13.70557445,11.43319654,-0.01608795823,8,483.1800613,24296.13006,23329.76994,0.402902353089,-14.7980049239,2.07271043357,13.6457635584,0.000801082189474,12.7062797546
141,1337,2017-09-27,BANKNIFTY,2017-10-05,PE,24000,91.55,319.65,70.15,292.2,288.0,292.2,11572,11196805000.0,87685000,107000,-3560,23812.95,24308.7,24331.85,23766.6,23812.95,80405424,25481200000,13.70557445,11.43319654,-0.01608795823,8,483.1800613,24296.13006,23329.76994,-0.597097646911,-6.92831955916,-3.17374647625,13.6457635584,0.000801082189474,24.8718261719
142,1338,2017-09-27,BANKNIFTY,2017-10-05,CE,24100,317.65,330.0,79.8,90.95,80.0,90.95,3958,3835211000.0,19699000,33160,29120,23812.95,24308.7,24331.85,23766.6,23812.95,80405424,25481200000,13.70557445,11.43319654,-0.01608795823,8,483.1800613,24296.13006,23329.76994,0.326079704523,-13.4030327909,1.67954339288,12.7057412924,0.000745897656065,12.8293037415
143,1339,2017-09-27,BANKNIFTY,2017-10-05,PE,24100,99.85,394.0,93.4,355.35,360.0,355.35,702,682661000.0,5933000,7120,2440,23812.95,24308.7,24331.85,23766.6,23812.95,80405424,25481200000,13.70557445,11.43319654,-0.01608795823,8,483.1800613,24296.13006,23329.76994,-0.673920295477,-5.5005570705,-3.58877375407,12.7057412924,0.000745897656065,32.4554443359
144,1340,2017-09-27,BANKNIFTY,2017-10-05,CE,24200,226.85,268.85,56.25,65.9,62.0,65.9,7135,6937285000.0,30605000,57720,47200,23812.95,24308.7,24331.85,23766.6,23812.95,80405424,25481200000,13.70557445,11.43319654,-0.01608795823,8,483.1800613,24296.13006,23329.76994,0.256285922612,-11.7048285902,1.32146997359,11.3502705519,0.000666323987363,13.0081176758
145,1341,2017-09-27,BANKNIFTY,2017-10-05,PE,24200,120.25,438.85,117.95,422.9,420.0,422.9,824,804554000.0,6922000,9600,4680,23812.95,24308.7,24331.85,23766.6,23812.95,80405424,25481200000,13.70557445,11.43319654,-0.01608795823,8,483.1800613,24296.13006,23329.76994,-0.743714077388,-3.76956251407,-3.96870741048,11.3502705519,0.000666323987363,40.2679443359
146,1342,2017-09-27,BANKNIFTY,2017-10-05,CE,24300,184.0,205.0,40.05,46.8,43.05,46.8,9653,9418078000.0,35362000,104960,62880,23812.95,24308.7,24331.85,23766.6,23812.95,80405424,25481200000,13.70557445,11.43319654,-0.01608795823,8,483.1800613,24296.13006,23329.76994,0.195426686758,-9.85005809484,1.00861678262,9.73283733719,0.00057137166495,13.1759643555
147,1343,2017-09-27,BANKNIFTY,2017-10-05,PE,24300,177.0,546.55,155.5,512.4,493.95,512.4,1035,1016926000.0,10906000,8640,4160,23812.95,24308.7,24331.85,23766.6,23812.95,80405424,25481200000,13.70557445,11.43319654,-0.01608795823,8,483.1800613,24296.13006,23329.76994,-0.804573313242,-1.88200166305,-4.30342083857,9.73283733719,0.00057137166495,49.6139526367
148,1344,2017-09-27,BANKNIFTY,2017-10-05,CE,24400,140.6,149.05,28.15,32.3,28.4,32.3,4947,4841204000.0,12932000,52480,41360,23812.95,24308.7,24331.85,23766.6,23812.95,80405424,25481200000,13.70557445,11.43319654,-0.01608795823,8,483.1800613,24296.13006,23329.76994,0.144465729723,-7.9852226282,0.746223550426,8.01529313797,0.000470542271143,13.298034668
149,1345,2017-09-27,BANKNIFTY,2017-10-05,PE,24400,240.0,600.0,240.0,593.75,600.0,593.75,16,15908000.0,292000,1040,280,23812.95,24308.7,24331.85,23766.6,23812.95,80405424,25481200000,13.70557445,11.43319654,-0.01608795823,8,483.1800613,24296.13006,23329.76994,-0.855534270277,0.015624159272,-4.58767430789,8.01529313797,0.000470542271143,58.331489563
150,1346,2017-09-27,BANKNIFTY,2017-10-05,CE,24500,105.05,107.7,20.3,24.0,22.0,24.0,19389,19034553000.0,33333000,253080,153480,23812.95,24308.7,24331.85,23766.6,23812.95,80405424,25481200000,13.70557445,11.43319654,-0.01608795823,8,483.1800613,24296.13006,23329.76994,0.103467441801,-6.23526720989,0.534845178933,6.34252809913,0.000372341663016,13.7634277344
151,1347,2017-09-27,BANKNIFTY,2017-10-05,PE,24500,299.05,727.7,259.8,679.05,673.65,679.05,1172,1171653000.0,23093000,51400,15240,23812.95,24308.7,24331.85,23766.6,23812.95,80405424,25481200000,13.70557445,11.43319654,-0.01608795823,8,483.1800613,24296.13006,23329.76994,-0.896532558199,1.79836993327,-4.82091291651,6.34252809913,0.000372341663016,67.2941207886
152,1348,2017-09-27,BANKNIFTY,2017-10-05,CE,24600,72.6,81.2,12.35,16.4,16.25,16.4,2924,2880573000.0,3357000,40040,35080,23812.95,24308.7,24331.85,23766.6,23812.95,80405424,25481200000,13.70557445,11.43319654,-0.01608795823,8,483.1800613,24296.13006,23329.76994,0.0717627541763,-4.68973702277,0.371199852501,4.82482482917,0.000283244042845,13.9312744141
153,1349,2017-09-27,BANKNIFTY,2017-10-05,PE,24600,0.0,0.0,0.0,382.8,0.0,775.6,0,0.0,0,0,0,23812.95,24308.7,24331.85,23766.6,23812.95,80405424,25481200000,13.70557445,11.43319654,-0.01608795823,8,483.1800613,24296.13006,23329.76994,-0.928237245824,3.37669047607,-5.00641848006,4.82482482917,0.000283244042845,47.9354858398
154,1350,2017-09-27,BANKNIFTY,2017-10-05,CE,24700,47.7,52.9,10.0,13.25,10.0,13.25,2811,2779669000.0,2401000,37920,22480,23812.95,24308.7,24331.85,23766.6,23812.95,80405424,25481200000,13.70557445,11.43319654,-0.01608795823,8,483.1800613,24296.13006,23329.76994,0.0481840327432,-3.39794954805,0.249381975407,3.53009832135,0.000207236398332,14.6484375
155,1351,2017-09-27,BANKNIFTY,2017-10-05,PE,24700,425.0,700.0,425.0,700.0,700.0,700.0,5,5052000.0,112000,120,120,23812.95,24308.7,24331.85,23766.6,23812.95,80405424,25481200000,13.70557445,11.43319654,-0.01608795823,8,483.1800613,24296.13006,23329.76994,-0.951815967257,4.70126830648,-5.15009659428,3.53009832135,0.000207236398332,74.1882324219
156,1378,2017-09-28,BANKNIFTY,2017-10-05,CE,23500,440.0,535.0,299.0,506.7,523.85,506.7,1721,1650871000.0,33131000,63400,62760,24008.15,23804.05,24074.2,23611.1,24008.15,136679326,51302700000,15.59956529,13.01316458,0.00816380569,7,518.6492806,24526.79928,23489.50072,0.865983815746,-14.6419975522,3.87265076262,7.1825301119,0.000416526265003,1e-05
157,1379,2017-09-28,BANKNIFTY,2017-10-05,PE,23500,100.3,137.95,39.05,48.55,42.25,48.55,26609,25097873000.0,85413000,206120,136480,24008.15,23804.05,24074.2,23611.1,24008.15,136679326,51302700000,15.59956529,13.01316458,0.00816380569,7,518.6492806,24526.79928,23489.50072,-0.134016184254,-6.93373015754,-0.623838550933,7.1825301119,0.000416526265003,1e-05
158,1380,2017-09-28,BANKNIFTY,2017-10-05,CE,23600,293.2,457.65,230.0,421.5,456.5,421.5,412,395063000.0,6135000,11720,11720,24008.15,23804.05,24074.2,23611.1,24008.15,136679326,51302700000,15.59956529,13.01316458,0.00816380569,7,518.6492806,24526.79928,23489.50072,0.818864271561,-16.0537894814,3.67173143992,8.75867344006,0.000507929305904,1e-05
159,1381,2017-09-28,BANKNIFTY,2017-10-05,PE,23600,149.85,173.0,52.85,64.15,59.95,64.15,10605,10055517000.0,44397000,59720,53040,24008.15,23804.05,24074.2,23611.1,24008.15,136679326,51302700000,15.59956529,13.01316458,0.00816380569,7,518.6492806,24526.79928,23489.50072,-0.181135728439,-8.31272094894,-0.843891870704,8.75867344006,0.000507929305904,1e-05
160,1382,2017-09-28,BANKNIFTY,2017-10-05,CE,23700,231.5,384.7,170.0,366.15,376.45,366.15,3424,3283059000.0,37107000,15400,15240,24008.15,23804.05,24074.2,23611.1,24008.15,136679326,51302700000,15.59956529,13.01316458,0.00816380569,7,518.6492806,24526.79928,23489.50072,0.762793324964,-17.3207523776,3.42858991602,10.2697974158,0.000595561771867,6.34002685547
161,1383,2017-09-28,BANKNIFTY,2017-10-05,PE,23700,174.95,215.95,70.0,83.8,75.0,83.8,12368,11789367000.0,64503000,71320,57160,24008.15,23804.05,24074.2,23611.1,24008.15,136679326,51302700000,15.59956529,13.01316458,0.00816380569,7,518.6492806,24526.79928,23489.50072,-0.237206675036,-9.54688270728,-1.10616739169,10.2697974158,0.000595561771867,1e-05
162,1384,2017-09-28,BANKNIFTY,2017-10-05,CE,23800,172.55,314.55,125.75,290.8,302.0,290.8,16990,16320058000.0,145578000,118840,115440,24008.15,23804.05,24074.2,23611.1,24008.15,136679326,51302700000,15.59956529,13.01316458,0.00816380569,7,518.6492806,24526.79928,23489.50072,0.698611845735,-18.3023628415,3.14693507039,11.5840816543,0.000671779190592,8.67462158203
163,1385,2017-09-28,BANKNIFTY,2017-10-05,PE,23800,207.05,262.25,93.0,108.75,102.0,108.75,18789,18004641000.0,117513000,140600,94000,24008.15,23804.05,24074.2,23611.1,24008.15,136679326,51302700000,15.59956529,13.01316458,0.00816380569,7,518.6492806,24526.79928,23489.50072,-0.301388154265,-10.4956920333,-1.4069562344,11.5840816543,0.000671779190592,1e-05
164,1386,2017-09-28,BANKNIFTY,2017-10-05,CE,23900,133.15,244.9,91.4,228.25,243.0,228.25,16368,15751976000.0,104168000,121680,109880,24008.15,23804.05,24074.2,23611.1,24008.15,136679326,51302700000,15.59956529,13.01316458,0.00816380569,7,518.6492806,24526.79928,23489.50072,0.627910716053,-18.8712433201,2.83395402746,12.5761523591,0.0007293109376,9.8991394043
165,1387,2017-09-28,BANKNIFTY,2017-10-05,PE,23900,286.85,325.55,120.95,139.9,130.0,139.9,5758,5545442000.0,40794000,46280,40320,24008.15,23804.05,24074.2,23611.1,24008.15,136679326,51302700000,15.59956529,13.01316458,0.00816380569,7,518.6492806,24526.79928,23489.50072,-0.372089283947,-11.0317713741,-1.73907127441,12.5761523591,0.0007293109376,1e-05
166,1388,2017-09-28,BANKNIFTY,2017-10-05,CE,24000,117.0,184.0,64.8,172.5,178.0,172.5,43217,41697976000.0,209656000,331000,228800,24008.15,23804.05,24074.2,23611.1,24008.15,136679326,51302700000,15.59956529,13.01316458,0.00816380569,7,518.6492806,24526.79928,23489.50072,0.552922267725,-18.9345482953,2.49982557691,13.1470241943,0.000762416696938,10.4598999023
167,1389,2017-09-28,BANKNIFTY,2017-10-05,PE,24000,311.9,400.0,159.25,179.2,169.9,179.2,10616,10292788000.0,101428000,161960,54960,24008.15,23804.05,24074.2,23611.1,24008.15,136679326,51302700000,15.59956529,13.01316458,0.00816380569,7,518.6492806,24526.79928,23489.50072,-0.447077732275,-11.0622752114,-2.09233372203,13.1470241943,0.000762416696938,10.9710693359
168,1390,2017-09-28,BANKNIFTY,2017-10-05,CE,24100,75.0,134.15,43.7,127.6,130.7,127.6,22024,21313198000.0,82062000,167760,134600,24008.15,23804.05,24074.2,23611.1,24008.15,136679326,51302700000,15.59956529,13.01316458,0.00816380569,7,518.6492806,24526.79928,23489.50072,0.476306663888,-18.4505732822,2.15674653889,13.2405041537,0.000767837747418,10.9329223633
169,1391,2017-09-28,BANKNIFTY,2017-10-05,PE,24100,292.6,440.0,202.65,220.05,210.95,220.05,649,632215000.0,6579000,14000,6880,24008.15,23804.05,24074.2,23611.1,24008.15,136679326,51302700000,15.59956529,13.01316458,0.00816380569,7,518.6492806,24526.79928,23489.50072,-0.523693336112,-10.5454990605,-2.45454675713,13.2405041537,0.000767837747418,17.9176330566
170,1392,2017-09-28,BANKNIFTY,2017-10-05,CE,24200,49.95,94.9,31.0,88.65,90.0,88.65,19468,18895348000.0,50324000,136880,79160,24008.15,23804.05,24074.2,23611.1,24008.15,136679326,51302700000,15.59956529,13.01316458,0.00816380569,7,518.6492806,24526.79928,23489.50072,0.400867765469,-17.4366341253,1.81762846595,12.85226805,0.000745323322604,11.0378265381
171,1393,2017-09-28,BANKNIFTY,2017-10-05,PE,24200,450.0,567.1,255.3,274.2,274.0,274.2,357,350348000.0,4772000,14760,5160,24008.15,23804.05,24074.2,23611.1,24008.15,136679326,51302700000,15.59956529,13.01316458,0.00816380569,7,518.6492806,24526.79928,23489.50072,-0.599132234531,-9.49875876569,-2.81279882715,12.85226805,0.000745323322604,25.4058837891
172,1394,2017-09-28,BANKNIFTY,2017-10-05,CE,24300,30.75,66.35,21.05,58.9,60.0,58.9,17518,17058201000.0,30705000,170960,66000,24008.15,23804.05,24074.2,23611.1,24008.15,136679326,51302700000,15.59956529,13.01316458,0.00816380569,7,518.6492806,24526.79928,23489.50072,0.329249122336,-15.966369772,1.49469706953,12.029594649,0.00069761519278,11.0931396484
173,1395,2017-09-28,BANKNIFTY,2017-10-05,PE,24300,460.0,620.0,324.8,359.45,347.0,359.45,212,209539000.0,3475000,9720,1080,24008.15,23804.05,24074.2,23611.1,24008.15,136679326,51302700000,15.59956529,13.01316458,0.00816380569,7,518.6492806,24526.79928,23489.50072,-0.670750877664,-7.99569327458,-3.15486422065,12.029594649,0.00069761519278,35.1152420044
174,1396,2017-09-28,BANKNIFTY,2017-10-05,CE,24400,25.5,41.95,15.0,38.1,40.0,38.1,11126,10871540000.0,12564000,104560,52080,24008.15,23804.05,24074.2,23611.1,24008.15,136679326,51302700000,15.59956529,13.01316458,0.00816380569,7,518.6492806,24526.79928,23489.50072,0.263664212831,-14.1572549701,1.19824383225,10.8620794527,0.000629909142614,11.2152099609
175,1397,2017-09-28,BANKNIFTY,2017-10-05,PE,24400,570.0,707.0,402.0,429.3,420.0,429.3,34,33909000.0,725000,1440,400,24008.15,23804.05,24074.2,23611.1,24008.15,136679326,51302700000,15.59956529,13.01316458,0.00816380569,7,518.6492806,24526.79928,23489.50072,-0.736335787169,-6.15377733478,-3.470451455,10.8620794527,0.000629909142614,43.571472168
176,1398,2017-09-28,BANKNIFTY,2017-10-05,CE,24500,15.0,28.0,10.25,24.7,26.15,24.7,24148,23683143000.0,18103000,335360,82280,24008.15,23804.05,24074.2,23611.1,24008.15,136679326,51302700000,15.59956529,13.01316458,0.00816380569,7,518.6492806,24526.79928,23489.50072,0.205705278754,-12.151435871,0.935735194978,9.46580592279,0.000548937035395,11.4593505859
177,1399,2017-09-28,BANKNIFTY,2017-10-05,PE,24500,720.0,839.95,499.5,518.5,501.0,518.5,871,874668000.0,21088000,48440,-2960,24008.15,23804.05,24074.2,23611.1,24008.15,136679326,51302700000,15.59956529,13.01316458,0.00816380569,7,518.6492806,24526.79928,23489.50072,-0.794294721246,-4.11515709789,-3.75209408936,9.46580592279,0.000548937035395,53.4515380859
178,1400,2017-09-28,BANKNIFTY,2017-10-05,CE,24600,8.7,17.55,7.55,14.95,17.55,14.95,5211,5130161000.0,2537000,89360,49320,24008.15,23804.05,24074.2,23611.1,24008.15,136679326,51302700000,15.59956529,13.01316458,0.00816380569,7,518.6492806,24526.79928,23489.50072,0.156255518363,-10.0943294801,0.711395165542,7.96478148199,0.000461890257412,11.5566253662
179,1401,2017-09-28,BANKNIFTY,2017-10-05,PE,24600,730.0,886.5,566.35,591.95,566.35,591.95,193,194761000.0,4849000,7720,7720,24008.15,23804.05,24074.2,23611.1,24008.15,136679326,51302700000,15.59956529,13.01316458,0.00816380569,7,518.6492806,24526.79928,23489.50072,-0.843744481637,-2.02524956913,-3.99556811587,7.96478148199,0.000461890257412,62.0832443237
180,1402,2017-09-28,BANKNIFTY,2017-10-05,CE,24700,8.1,12.95,5.0,9.8,12.95,9.8,4858,4801255000.0,1551000,63360,25440,24008.15,23804.05,24074.2,23611.1,24008.15,136679326,51302700000,15.59956529,13.01316458,0.00816380569,7,518.6492806,24526.79928,23489.50072,0.115506116037,-8.11545163728,0.526270191969,6.4736315684,0.000375416118858,11.9323730469
181,1403,2017-09-28,BANKNIFTY,2017-10-05,PE,24700,825.0,825.0,669.65,696.85,669.65,696.85,20,20333000.0,573000,840,720,24008.15,23804.05,24074.2,23611.1,24008.15,136679326,51302700000,15.59956529,13.01316458,0.00816380569,7,518.6492806,24526.79928,23489.50072,-0.884493883963,-0.0135705884282,-4.19982708653,6.4736315684,0.000375416118858,73.0953216553
182,1404,2017-09-29,BANKNIFTY,2017-10-05,CE,23500,623.2,712.35,497.55,539.9,543.25,539.9,861,832021000.0,22681000,62000,-1400,24053.0,24114.0,24227.45,24004.8,24053.0,71703679,24726600000,16.78981382,14.00607045,0.001866372861,6,517.7788714,24570.77887,23535.22113,0.881573894615,-15.3156582007,3.38216289795,6.11180028308,0.00038275985856,1e-05
183,1405,2017-09-29,BANKNIFTY,2017-10-05,PE,23500,35.65,35.65,16.55,29.2,24.0,29.2,55948,52640550000.0,49430000,277000,70880,24053.0,24114.0,24227.45,24004.8,24053.0,71703679,24726600000,16.78981382,14.00607045,0.001866372861,6,517.7788714,24570.77887,23535.22113,-0.118426105385,-7.60485616455,-0.473238120141,6.11180028308,0.00038275985856,1e-05
184,1406,2017-09-29,BANKNIFTY,2017-10-05,CE,23600,537.55,624.2,447.0,458.35,460.8,458.35,147,142017000.0,3249000,9560,-2160,24053.0,24114.0,24227.45,24004.8,24053.0,71703679,24726600000,16.78981382,14.00607045,0.001866372861,6,517.7788714,24570.77887,23535.22113,0.837843461722,-17.0371851881,3.22329400412,7.56930169212,0.000474037879329,1e-05
185,1407,2017-09-29,BANKNIFTY,2017-10-05,PE,23600,55.0,55.0,23.05,40.35,37.0,40.35,49367,46662478000.0,60030000,108480,48760,24053.0,24114.0,24227.45,24004.8,24053.0,71703679,24726600000,16.78981382,14.00607045,0.001866372861,6,517.7788714,24570.77887,23535.22113,-0.162156538278,-9.29357122835,-0.648512975745,7.56930169212,0.000474037879329,1e-05
186,1408,2017-09-29,BANKNIFTY,2017-10-05,CE,23700,449.25,543.0,342.5,368.35,358.0,368.35,306,295694000.0,5606000,12360,-3040,24053.0,24114.0,24227.45,24004.8,24053.0,71703679,24726600000,16.78981382,14.00607045,0.001866372861,6,517.7788714,24570.77887,23535.22113,0.78500518109,-18.662525581,3.02760433543,9.01068972792,0.000564306778043,1e-05
187,1409,2017-09-29,BANKNIFTY,2017-10-05,PE,23700,70.0,70.0,31.65,56.05,50.0,56.05,59975,56956313000.0,100013000,154920,83600,24053.0,24114.0,24227.45,24004.8,24053.0,71703679,24726600000,16.78981382,14.00607045,0.001866372861,6,517.7788714,24570.77887,23535.22113,-0.21499481891,-10.8860996977,-0.860608606218,9.01068972792,0.000564306778043,1e-05
188,1410,2017-09-29,BANKNIFTY,2017-10-05,CE,23800,353.85,465.5,265.55,300.7,294.85,300.7,6632,6418292000.0,104628000,74000,-44840,24053.0,24114.0,24227.45,24004.8,24053.0,71703679,24726600000,16.78981382,14.00607045,0.001866372861,6,517.7788714,24570.77887,23535.22113,0.723614337558,-20.0272591166,2.79714447375,10.3155189144,0.000646023491895,4.57763671875
189,1411,2017-09-29,BANKNIFTY,2017-10-05,PE,23800,88.7,92.7,42.45,77.75,70.0,77.75,88287,84253504000.0,204280000,226880,86280,24053.0,24114.0,24227.45,24004.8,24053.0,71703679,24726600000,16.78981382,14.00607045,0.001866372861,6,517.7788714,24570.77887,23535.22113,-0.276385662442,-12.2180213097,-1.10747442968,10.3155189144,0.000646023491895,1e-05
190,1412,2017-09-29,BANKNIFTY,2017-10-05,CE,23900,293.15,379.85,205.9,227.55,230.0,227.55,7167,6936383000.0,84731000,105960,-15720,24053.0,24114.0,24227.45,24004.8,24053.0,71703679,24726600000,16.78981382,14.00607045,0.001866372861,6,517.7788714,24570.77887,23535.22113,0.6549928692,-20.9716255898,2.53701309583,11.3623173445,0.000711580676438,7.84683227539
191,1413,2017-09-29,BANKNIFTY,2017-10-05,PE,23900,106.65,125.4,58.4,106.35,97.0,106.35,74305,71271916000.0,236336000,138160,91880,24053.0,24114.0,24227.45,24004.8,24053.0,71703679,24726600000,16.78981382,14.00607045,0.001866372861,6,517.7788714,24570.77887,23535.22113,-0.3450071308,-13.1295758594,-1.38401176937,11.3623173445,0.000711580676438,1e-05
192,1414,2017-09-29,BANKNIFTY,2017-10-05,CE,24000,244.9,299.95,145.05,165.3,162.65,165.3,38832,37635993000.0,357273000,284280,-46720,24053.0,24114.0,24227.45,24004.8,24053.0,71703679,24726600000,16.78981382,14.00607045,0.001866372861,6,517.7788714,24570.77887,23535.22113,0.581164011854,-21.366391455,2.25511065909,12.0474261246,0.000754486551567,8.78143310547
193,1415,2017-09-29,BANKNIFTY,2017-10-05,PE,24000,140.95,166.45,78.95,142.35,136.65,142.35,126120,1.22e+11,532385000,302800,140840,24053.0,24114.0,24227.45,24004.8,24053.0,71703679,24726600000,16.78981382,14.00607045,0.001866372861,6,517.7788714,24570.77887,23535.22113,-0.418835988146,-13.491529801,-1.6823201679,12.0474261246,0.000754486551567,6.73675537109
194,1416,2017-09-29,BANKNIFTY,2017-10-05,CE,24100,159.1,229.5,101.65,120.25,118.0,120.25,52747,51209605000.0,361497000,241680,73920,24053.0,24114.0,24227.45,24004.8,24053.0,71703679,24726600000,16.78981382,14.00607045,0.001866372861,6,517.7788714,24570.77887,23535.22113,0.504673577823,-21.135361003,1.96144261816,12.3020845505,0.000770434884067,9.7541809082
195,1417,2017-09-29,BANKNIFTY,2017-10-05,PE,24100,170.0,219.0,105.0,189.6,180.0,189.6,71340,69170866000.0,399106000,102200,88200,24053.0,24114.0,24227.45,24004.8,24053.0,71703679,24726600000,16.78981382,14.00607045,0.001866372861,6,517.7788714,24570.77887,23535.22113,-0.495326422177,-13.2276874255,-1.9923941706,12.3020845505,0.000770434884067,15.3884887695
196,1418,2017-09-29,BANKNIFTY,2017-10-05,CE,24200,104.65,169.95,68.05,81.8,76.0,81.8,107281,1.04e+11,540585000,319840,182960,24053.0,24114.0,24227.45,24004.8,24053.0,71703679,24726600000,16.78981382,14.00607045,0.001866372861,6,517.7788714,24570.77887,23535.22113,0.428324295665,-20.2692318207,1.66707503196,12.1038257636,0.000758018656163,10.1623535156
197,1419,2017-09-29,BANKNIFTY,2017-10-05,PE,24200,193.0,288.0,141.05,249.65,239.5,249.65,51182,49922701000.0,378525000,112480,97720,24053.0,24114.0,24227.45,24004.8,24053.0,71703679,24726600000,16.78981382,14.00607045,0.001866372861,6,517.7788714,24570.77887,23535.22113,-0.571675704335,-12.3287463196,-2.30316771858,12.1038257636,0.000758018656163,24.064540863
198,1420,2017-09-29,BANKNIFTY,2017-10-05,CE,24300,68.7,120.0,44.0,53.8,50.45,53.8,132497,1.29e+11,470385000,380280,209320,24053.0,24114.0,24227.45,24004.8,24053.0,71703679,24726600000,16.78981382,14.00607045,0.001866372861,6,517.7788714,24570.77887,23535.22113,0.354869757706,-18.8275012569,1.38292562091,11.4795674477,0.000718923624645,10.5056762695
199,1421,2017-09-29,BANKNIFTY,2017-10-05,PE,24300,266.4,363.25,187.75,323.8,310.7,323.8,12096,11872047000.0,114735000,36800,27080,24053.0,24114.0,24227.45,24004.8,24053.0,71703679,24726600000,16.78981382,14.00607045,0.001866372861,6,517.7788714,24570.77887,23535.22113,-0.645130242294,-10.8542038323,-2.60372309142,11.4795674477,0.000718923624645,33.6608886719
200,1422,2017-09-29,BANKNIFTY,2017-10-05,CE,24400,50.65,81.65,26.1,32.85,28.7,32.85,97739,95621386000.0,228122000,395280,290720,24053.0,24114.0,24227.45,24004.8,24053.0,71703679,24726600000,16.78981382,14.00607045,0.001866372861,6,517.7788714,24570.77887,23535.22113,0.286723163378,-16.9281135885,1.1186083721,10.499864026,0.000657568356841,10.6420516968
201,1423,2017-09-29,BANKNIFTY,2017-10-05,PE,24400,318.5,437.0,248.8,399.45,394.7,399.45,1548,1530168000.0,19320000,16480,15040,24053.0,24114.0,24227.45,24004.8,24053.0,71703679,24726600000,16.78981382,14.00607045,0.001866372861,6,517.7788714,24570.77887,23535.22113,-0.713276836622,-8.92200424028,-2.88444630201,10.499864026,0.000657568356841,43.2786941528
202,1424,2017-09-29,BANKNIFTY,2017-10-05,CE,24500,32.7,52.65,15.25,19.5,17.1,19.5,113137,1.11e+11,164794000,610680,275320,24053.0,24114.0,24227.45,24004.8,24053.0,71703679,24726600000,16.78981382,14.00607045,0.001866372861,6,517.7788714,24570.77887,23535.22113,0.225730917286,-14.7275434361,0.881530383239,9.26596290485,0.000580293610166,10.8337402344
203,1425,2017-09-29,BANKNIFTY,2017-10-05,PE,24500,412.1,523.95,323.7,486.75,479.2,486.75,2312,2301311000.0,35551000,62400,13960,24053.0,24114.0,24227.45,24004.8,24053.0,71703679,24726600000,16.78981382,14.00607045,0.001866372861,6,517.7788714,24570.77887,23535.22113,-0.774269082714,-6.68862216434,-3.13793025264,9.26596290485,0.000580293610166,53.8005828857
204,1426,2017-09-29,BANKNIFTY,2017-10-05,CE,24600,24.8,32.0,7.0,10.4,8.5,10.4,61347,60416523000.0,51075000,384000,294640,24053.0,24114.0,24227.45,24004.8,24053.0,71703679,24726600000,16.78981382,14.00607045,0.001866372861,6,517.7788714,24570.77887,23535.22113,0.1730443055,-12.3961107044,0.676373736799,7.89290221977,0.000494303805318,10.8337402344
205,1427,2017-09-29,BANKNIFTY,2017-10-05,PE,24600,470.25,600.0,397.25,564.75,565.9,564.75,138,138299000.0,2507000,7720,0,24053.0,24114.0,24227.45,24004.8,24053.0,71703679,24726600000,16.78981382,14.00607045,0.001866372861,6,517.7788714,24570.77887,23535.22113,-0.8269556945,-4.32437750906,-3.35949286086,7.89290221977,0.000494303805318,63.4994506836
206,1428,2017-09-29,BANKNIFTY,2017-10-05,CE,24700,10.0,19.25,4.5,6.25,5.0,6.25,42284,41798176000.0,21584000,212720,149360,24053.0,24114.0,24227.45,24004.8,24053.0,71703679,24726600000,16.78981382,14.00607045,0.001866372861,6,517.7788714,24570.77887,23535.22113,0.129099403207,-10.0939541132,0.505004295235,6.49246903158,0.000406599759994,11.2075805664
207,1429,2017-09-29,BANKNIFTY,2017-10-05,PE,24700,557.75,629.9,495.05,629.9,629.9,629.9,9,9087000.0,195000,920,80,24053.0,24114.0,24227.45,24004.8,24053.0,71703679,24726600000,16.78981382,14.00607045,0.001866372861,6,517.7788714,24570.77887,23535.22113,-0.870900596793,-1.98940899429,-3.5472682642,6.49246903158,0.000406599759994,72.0825195312
208,1430,2017-10-03,BANKNIFTY,2017-10-05,CE,23500,560.0,608.0,494.15,567.8,575.45,567.8,169,162535000.0,3675000,57400,-4600,24103.4,24200.6,24226.8,24007.25,24103.4,66828025,22616400000,17.12347409,14.28441,0.002093180487,2,305.5193733,24408.91937,23797.88063,0.980221798099,-11.226825306,1.26058116008,0.855746521121,0.000156985490426,1e-05
209,1431,2017-10-03,BANKNIFTY,2017-10-05,PE,23500,8.75,34.8,7.7,14.45,12.8,14.45,66286,62360478000.0,51638000,418320,141320,24103.4,24200.6,24226.8,24007.25,24103.4,66828025,22616400000,17.12347409,14.28441,0.002093180487,2,305.5193733,24408.91937,23797.88063,-0.0197782019013,-3.5058763665,-0.0262436631683,0.855746521121,0.000156985490426,1e-05
210,1432,2017-10-03,BANKNIFTY,2017-10-05,CE,23600,535.0,535.0,416.1,484.75,479.35,484.75,22,21176000.0,408000,9600,40,24103.4,24200.6,24226.8,24007.25,24103.4,66828025,22616400000,17.12347409,14.28441,0.002093180487,2,305.5193733,24408.91937,23797.88063,0.957587197304,-14.3179981864,1.23599412861,1.61229745283,0.000295773690104,1e-05
211,1433,2017-10-03,BANKNIFTY,2017-10-05,PE,23600,11.15,51.75,10.2,23.2,20.05,23.2,46357,43815813000.0,54805000,166920,58440,24103.4,24200.6,24226.8,24007.25,24103.4,66828025,22616400000,17.12347409,14.28441,0.002093180487,2,305.5193733,24408.91937,23797.88063,-0.0424128026963,-6.56419414509,-0.0563065449422,1.61229745283,0.000295773690104,1e-05
212,1434,2017-10-03,BANKNIFTY,2017-10-05,CE,23700,445.0,459.35,346.3,401.45,401.9,401.45,255,245727000.0,3987000,10600,-1760,24103.4,24200.6,24226.8,24007.25,24103.4,66828025,22616400000,17.12347409,14.28441,0.002093180487,2,305.5193733,24408.91937,23797.88063,0.917699280899,-18.7313528434,1.18844810075,2.70988566408,0.000497124696945,1e-05
213,1435,2017-10-03,BANKNIFTY,2017-10-05,PE,23700,18.75,73.55,15.85,35.8,31.0,35.8,86581,82231170000.0,152382000,211880,56960,24103.4,24200.6,24226.8,24007.25,24103.4,66828025,22616400000,17.12347409,14.28441,0.002093180487,2,305.5193733,24408.91937,23797.88063,-0.0823007191006,-10.9446937002,-0.10932842312,2.70988566408,0.000497124696945,1e-05
214,1436,2017-10-03,BANKNIFTY,2017-10-05,CE,23800,453.95,492.3,264.0,325.2,349.4,325.2,1580,1524717000.0,20557000,64880,-9120,24103.4,24200.6,24226.8,24007.25,24103.4,66828025,22616400000,17.12347409,14.28441,0.002093180487,2,305.5193733,24408.91937,23797.88063,0.854876224744,-24.0806544691,1.11032694627,4.06896233788,0.000746445392848,11.962890625
215,1437,2017-10-03,BANKNIFTY,2017-10-05,PE,23800,47.2,100.85,24.6,53.45,46.35,53.45,122167,1.17e+11,316775000,358600,131720,24103.4,24200.6,24226.8,24007.25,24103.4,66828025,22616400000,17.12347409,14.28441,0.002093180487,2,305.5193733,24408.91937,23797.88063,-0.145123775256,-16.261140224,-0.192925427909,4.06896233788,0.000746445392848,1e-05
216,1438,2017-10-03,BANKNIFTY,2017-10-05,CE,23900,370.9,370.9,199.75,248.85,250.0,248.85,6017,5811656000.0,59404000,107600,1640,24103.4,24200.6,24226.8,24007.25,24103.4,66828025,22616400000,17.12347409,14.28441,0.002093180487,2,305.5193733,24408.91937,23797.88063,0.766322433498,-29.3852491776,0.997802650925,5.4658145068,0.00100269594997,14.7933959961
217,1439,2017-10-03,BANKNIFTY,2017-10-05,PE,23900,58.25,136.55,38.0,77.75,69.0,77.75,115318,1.11e+11,422668000,234920,96760,24103.4,24200.6,24226.8,24007.25,24103.4,66828025,22616400000,17.12347409,14.28441,0.002093180487,2,305.5193733,24408.91937,23797.88063,-0.233677566502,-21.5328798306,-0.310925573567,5.4658145068,0.00100269594997,1e-05
218,1440,2017-10-03,BANKNIFTY,2017-10-05,CE,24000,241.7,284.65,143.1,183.1,188.45,183.1,43671,42245184000.0,321024000,321880,37600,24103.4,24200.6,24226.8,24007.25,24103.4,66828025,22616400000,17.12347409,14.28441,0.002093180487,2,305.5193733,24408.91937,23797.88063,0.654456645118,-33.2814038564,0.853933203565,6.57759155346,0.00120664987862,16.0217285156
219,1441,2017-10-03,BANKNIFTY,2017-10-05,PE,24000,91.5,181.85,55.05,109.4,95.05,109.4,126910,1.22e+11,639971000,447320,144520,24103.4,24200.6,24226.8,24007.25,24103.4,66828025,22616400000,17.12347409,14.28441,0.002093180487,2,305.5193733,24408.91937,23797.88063,-0.345543354882,-25.3961794076,-0.460270871238,6.57759155346,0.00120664987862,1e-05
220,1442,2017-10-03,BANKNIFTY,2017-10-05,CE,24100,207.85,229.75,101.0,131.6,131.4,131.6,78562,76161615000.0,427847000,325800,84120,24103.4,24200.6,24226.8,24007.25,24103.4,66828025,22616400000,17.12347409,14.28441,0.002093180487,2,305.5193733,24408.91937,23797.88063,0.5276413169,-34.5359253012,0.68965765325,7.10089067719,0.00130264836363,17.1051025391
221,1443,2017-10-03,BANKNIFTY,2017-10-05,PE,24100,90.0,237.65,80.15,152.7,130.5,152.7,62297,60480661000.0,426353000,162800,60600,24103.4,24200.6,24226.8,24007.25,24103.4,66828025,22616400000,17.12347409,14.28441,0.002093180487,2,305.5193733,24408.91937,23797.88063,-0.4723586831,-26.6178457505,-0.630022271865,7.10089067719,0.00130264836363,20.0805664062
222,1444,2017-10-03,BANKNIFTY,2017-10-05,CE,24200,149.2,160.0,67.15,89.2,89.7,89.2,132419,1.29e+11,511659000,445160,125320,24103.4,24200.6,24226.8,24007.25,24103.4,66828025,22616400000,17.12347409,14.28441,0.002093180487,2,305.5193733,24408.91937,23797.88063,0.398458801235,-32.6080121407,0.521547995714,6.8861549967,0.00126325540639,17.5933837891
223,1445,2017-10-03,BANKNIFTY,2017-10-05,PE,24200,155.4,302.0,126.55,204.65,184.0,204.65,25630,25036830000.0,226990000,132160,19680,24103.4,24200.6,24226.8,24007.25,24103.4,66828025,22616400000,17.12347409,14.28441,0.002093180487,2,305.5193733,24408.91937,23797.88063,-0.601541198765,-24.6570774881,-0.803607779712,6.8861549967,0.00126325540639,34.0633392334
224,1446,2017-10-03,BANKNIFTY,2017-10-05,CE,24300,86.0,106.3,44.6,56.85,55.2,56.85,136172,1.33e+11,352583000,547280,167000,24103.4,24200.6,24226.8,24007.25,24103.4,66828025,22616400000,17.12347409,14.28441,0.002093180487,2,305.5193733,24408.91937,23797.88063,0.280057209517,-27.9157602854,0.366995915222,6.00667473409,0.00110191599461,17.8165435791
225,1447,2017-10-03,BANKNIFTY,2017-10-05,PE,24300,171.0,368.45,160.85,271.9,251.8,271.9,5767,5671021000.0,65497000,44360,7560,24103.4,24200.6,24226.8,24007.25,24103.4,66828025,22616400000,17.12347409,14.28441,0.002093180487,2,305.5193733,24408.91937,23797.88063,-0.719942790483,-19.931970531,-0.963635710516,6.00667473409,0.00110191599461,49.6826171875
226,1448,2017-10-03,BANKNIFTY,2017-10-05,CE,24400,63.0,67.6,27.6,34.4,33.5,34.4,133498,1.31e+11,219381000,532400,137120,24103.4,24200.6,24226.8,24007.25,24103.4,66828025,22616400000,17.12347409,14.28441,0.002093180487,2,305.5193733,24408.91937,23797.88063,0.182291004567,-21.6361281773,0.239106871776,4.71901597548,0.000865696814365,18.0053710938
227,1449,2017-10-03,BANKNIFTY,2017-10-05,PE,24400,250.05,453.25,250.0,345.55,328.5,345.55,990,980002000.0,13762000,18400,1920,24103.4,24200.6,24226.8,24007.25,24103.4,66828025,22616400000,17.12347409,14.28441,0.002093180487,2,305.5193733,24408.91937,23797.88063,-0.817708995433,-13.619483321,-1.09700060427,4.71901597548,0.000865696814365,66.0238265991
228,1450,2017-10-03,BANKNIFTY,2017-10-05,CE,24500,39.8,45.0,16.15,19.45,18.3,19.45,152757,1.5e+11,151308000,864640,253960,24103.4,24200.6,24226.8,24007.25,24103.4,66828025,22616400000,17.12347409,14.28441,0.002093180487,2,305.5193733,24408.91937,23797.88063,0.109472040902,-15.1748348924,0.143704116241,3.34338934254,0.000613340051835,18.1007385254
229,1451,2017-10-03,BANKNIFTY,2017-10-05,PE,24500,334.7,524.65,334.7,434.75,415.4,434.75,1020,1017459000.0,17859000,51160,-11240,24103.4,24200.6,24226.8,24007.25,24103.4,66828025,22616400000,17.12347409,14.28441,0.002093180487,2,305.5193733,24408.91937,23797.88063,-0.890527959098,-7.1253349342,-1.19787921012,3.34338934254,0.000613340051835,84.4974517822
230,1452,2017-10-03,BANKNIFTY,2017-10-05,CE,24600,31.2,31.2,8.4,9.7,8.6,9.7,85689,84364876000.0,46900000,593400,209400,24103.4,24200.6,24226.8,24007.25,24103.4,66828025,22616400000,17.12347409,14.28441,0.002093180487,2,305.5193733,24408.91937,23797.88063,0.0604869900013,-9.633065581,0.079452722015,2.13889989865,0.000392378164882,17.9138183594
231,1453,2017-10-03,BANKNIFTY,2017-10-05,PE,24600,417.55,590.1,415.8,553.85,553.85,553.85,102,102484000.0,2116000,8880,1160,24103.4,24200.6,24226.8,24007.25,24103.4,66828025,22616400000,17.12347409,14.28441,0.002093180487,2,305.5193733,24408.91937,23797.88063,-0.939513009999,-1.55071052096,-1.26760645466,2.13889989865,0.000392378164882,107.189178467
232,1454,2017-10-03,BANKNIFTY,2017-10-05,CE,24700,23.9,23.9,4.4,5.15,4.65,5.15,51825,51219035000.0,15935000,287240,74520,24103.4,24200.6,24226.8,24007.25,24103.4,66828025,22616400000,17.12347409,14.28441,0.002093180487,2,305.5193733,24408.91937,23797.88063,0.0306897063146,-5.53785325017,0.0403342345349,1.23709658802,0.000226943621483,18.2266235352
233,1455,2017-10-03,BANKNIFTY,2017-10-05,PE,24700,506.4,663.85,501.2,610.25,597.8,610.25,31,31382000.0,754000,1640,720,24103.4,24200.6,24226.8,24007.25,24103.4,66828025,22616400000,17.12347409,14.28441,0.002093180487,2,305.5193733,24408.91937,23797.88063,-0.969310293685,2.57735691174,-1.31220079245,1.23709658802,0.000226943621483,120.789527893
234,1456,2017-10-04,BANKNIFTY,2017-10-05,CE,23500,571.15,700.5,539.6,580.0,609.4,580.0,270,260298000.0,6498000,56880,-520,24113.3,24124.15,24230.45,24058.65,24113.3,61740801,20153500000,15.84100126,13.21457057,0.0004106461097,1,199.93685,24313.23685,23913.36315,0.99918629442,-7.99552637726,0.643085195609,0.0351624275992,1.39339994219e-05,1e-05
235,1457,2017-10-04,BANKNIFTY,2017-10-05,PE,23500,10.0,13.65,1.05,1.6,1.05,1.6,100000,94017551000.0,17551000,619840,201520,24113.3,24124.15,24230.45,24058.65,24113.3,61740801,20153500000,15.84100126,13.21457057,0.0004106461097,1,199.93685,24313.23685,23913.36315,-0.000813705580415,-0.272038626304,-0.000538783637318,0.0351624275992,1.39339994219e-05,1e-05
236,1458,2017-10-04,BANKNIFTY,2017-10-05,CE,23600,470.0,603.0,450.9,496.7,506.15,496.7,71,68495000.0,1471000,9480,-120,24113.3,24124.15,24230.45,24058.65,24113.3,61740801,20153500000,15.84100126,13.21457057,0.0004106461097,1,199.93685,24313.23685,23913.36315,0.995840322541,-8.94985163558,0.643607663562,0.154858856799,6.13667305826e-05,1e-05
237,1459,2017-10-04,BANKNIFTY,2017-10-05,PE,23600,9.55,22.5,2.05,2.85,2.15,2.85,124025,1.17e+11,35068000,312480,145560,24113.3,24124.15,24230.45,24058.65,24113.3,61740801,20153500000,15.84100126,13.21457057,0.0004106461097,1,199.93685,24313.23685,23913.36315,-0.00415967745913,-1.1934979793,-0.00275514112769,0.154858856799,6.13667305826e-05,1e-05
238,1460,2017-10-04,BANKNIFTY,2017-10-05,CE,23700,374.45,516.85,352.65,395.0,420.0,395.0,300,289528000.0,5128000,8160,-2440,24113.3,24124.15,24230.45,24058.65,24113.3,61740801,20153500000,15.84100126,13.21457057,0.0004106461097,1,199.93685,24313.23685,23913.36315,0.983367482325,-11.7935623836,0.638080756779,0.522264121359,0.000206960339828,1e-05
239,1461,2017-10-04,BANKNIFTY,2017-10-05,PE,23700,13.75,35.5,3.5,5.3,3.75,5.3,168600,1.6e+11,81746000,474200,262320,24113.3,24124.15,24230.45,24058.65,24113.3,61740801,20153500000,15.84100126,13.21457057,0.0004106461097,1,199.93685,24313.23685,23913.36315,-0.016632517675,-4.004342822,-0.0110208733543,0.522264121359,0.000206960339828,1e-05
240,1462,2017-10-04,BANKNIFTY,2017-10-05,CE,23800,327.2,434.0,262.95,305.2,317.65,305.2,2818,2720799000.0,38063000,54760,-10120,24113.3,24124.15,24230.45,24058.65,24113.3,61740801,20153500000,15.84100126,13.21457057,0.0004106461097,1,199.93685,24313.23685,23913.36315,0.947497643423,-18.1231898689,0.617033881173,1.35329618613,0.000536277770415,1e-05
241,1463,2017-10-04,BANKNIFTY,2017-10-05,PE,23800,32.45,53.75,6.0,10.3,7.4,10.3,235510,2.24e+11,186595000,717200,358600,24113.3,24124.15,24230.45,24058.65,24113.3,61740801,20153500000,15.84100126,13.21457057,0.0004106461097,1,199.93685,24313.23685,23913.36315,-0.0525023565766,-10.301104402,-0.0348065744046,1.35329618613,0.000536277770415,1e-05
242,1464,2017-10-04,BANKNIFTY,2017-10-05,CE,23900,250.65,328.9,177.25,214.8,215.75,214.8,8423,8137521000.0,85133000,103560,-4040,24113.3,24124.15,24230.45,24058.65,24113.3,61740801,20153500000,15.84100126,13.21457057,0.0004106461097,1,199.93685,24313.23685,23913.36315,0.867656180424,-28.2118447003,0.566781964293,2.70317018191,0.00107119941152,1e-05
243,1465,2017-10-04,BANKNIFTY,2017-10-05,PE,23900,53.35,78.85,10.4,20.1,14.0,20.1,216784,2.08e+11,278924000,540720,305800,24113.3,24124.15,24230.45,24058.65,24113.3,61740801,20153500000,15.84100126,13.21457057,0.0004106461097,1,199.93685,24313.23685,23913.36315,-0.132343819576,-20.3568933281,-0.0877973167282,2.70317018191,0.00107119941152,1e-05
244,1466,2017-10-04,BANKNIFTY,2017-10-05,CE,24000,222.7,240.0,104.9,134.4,140.1,134.4,46803,45249316000.0,318436000,309000,-12880,24113.3,24124.15,24230.45,24058.65,24113.3,61740801,20153500000,15.84100126,13.21457057,0.0004106461097,1,199.93685,24313.23685,23913.36315,0.729668603684,-38.8081968978,0.477816636784,4.17579630398,0.0016547646809,10.5895996094
245,1467,2017-10-04,BANKNIFTY,2017-10-05,PE,24000,94.85,114.95,20.0,39.0,29.0,39.0,266280,2.56e+11,587715000,776320,329000,24113.3,24124.15,24230.45,24058.65,24113.3,61740801,20153500000,15.84100126,13.21457057,0.0004106461097,1,199.93685,24313.23685,23913.36315,-0.270331396316,-30.9203796203,-0.17950146968,4.17579630398,0.0016547646809,1e-05
246,1468,2017-10-04,BANKNIFTY,2017-10-05,CE,24100,147.5,162.0,55.0,77.1,84.8,77.1,153350,1.48e+11,669711000,398760,72960,24113.3,24124.15,24230.45,24058.65,24113.3,61740801,20153500000,15.84100126,13.21457057,0.0004106461097,1,199.93685,24313.23685,23913.36315,0.543928528957,-43.9218413103,0.356852706139,5.00468476532,0.00198323265452,13.1072998047
247,1469,2017-10-04,BANKNIFTY,2017-10-05,PE,24100,104.8,162.75,36.6,71.15,60.2,71.15,187098,1.81e+11,630989000,519200,356400,24113.3,24124.15,24230.45,24058.65,24113.3,61740801,20153500000,15.84100126,13.21457057,0.0004106461097,1,199.93685,24313.23685,23913.36315,-0.456071471043,-36.0011581274,-0.303204225769,5.00468476532,0.00198323265452,11.9094848633
248,1470,2017-10-04,BANKNIFTY,2017-10-05,CE,24200,95.15,99.0,26.95,41.25,41.15,41.25,270562,2.63e+11,715759000,767000,321840,24113.3,24124.15,24230.45,24058.65,24113.3,61740801,20153500000,15.84100126,13.21457057,0.0004106461097,1,199.93685,24313.23685,23913.36315,0.348614916795,-39.7229668248,0.229031164792,4.66821411607,0.00184989766737,14.684677124
249,1471,2017-10-04,BANKNIFTY,2017-10-05,PE,24200,192.3,222.45,64.2,124.0,117.0,124.0,76151,74095914000.0,381746000,205360,73200,24113.3,24124.15,24230.45,24058.65,24113.3,61740801,20153500000,15.84100126,13.21457057,0.0004106461097,1,199.93685,24313.23685,23913.36315,-0.651385083205,-31.7694177366,-0.43376459256,4.66821411607,0.00184989766737,31.7840576172
250,1472,2017-10-04,BANKNIFTY,2017-10-05,CE,24300,42.0,61.7,11.45,19.1,18.0,19.1,307728,3e+11,447446000,861520,314240,24113.3,24124.15,24230.45,24058.65,24113.3,61740801,20153500000,15.84100126,13.21457057,0.0004106461097,1,199.93685,24313.23685,23913.36315,0.187700527524,-28.406461179,0.12344037119,3.39942864505,0.00134710940083,15.4113769531
251,1473,2017-10-04,BANKNIFTY,2017-10-05,PE,24300,254.1,294.35,116.2,194.45,186.0,194.45,19073,18685532000.0,146576000,73080,28720,24113.3,24124.15,24230.45,24058.65,24113.3,61740801,20153500000,15.84100126,13.21457057,0.0004106461097,1,199.93685,24313.23685,23913.36315,-0.812299472476,-20.4200461855,-0.542094211605,3.39942864505,0.00134710940083,54.3365478516
252,1474,2017-10-04,BANKNIFTY,2017-10-05,CE,24400,35.95,36.05,4.4,7.75,6.5,7.75,298015,2.91e+11,217063000,1233200,700800,24113.3,24124.15,24230.45,24058.65,24113.3,61740801,20153500000,15.84100126,13.21457057,0.0004106461097,1,199.93685,24313.23685,23913.36315,0.0835321466611,-16.013628463,0.0549761448666,1.93850306209,0.000768180765404,15.9149169922
253,1475,2017-10-04,BANKNIFTY,2017-10-05,PE,24400,324.95,369.75,186.6,275.25,271.0,275.25,2496,2462481000.0,26385000,23800,5400,24113.3,24124.15,24230.45,24058.65,24113.3,61740801,20153500000,15.84100126,13.21457057,0.0004106461097,1,199.93685,24313.23685,23913.36315,-0.916467853339,-7.9943475641,-0.613297263372,1.93850306209,0.000768180765404,78.8345336914
254,1476,2017-10-04,BANKNIFTY,2017-10-05,CE,24500,11.95,18.95,2.1,3.4,2.6,3.4,341258,3.35e+11,127443000,1636120,771480,24113.3,24124.15,24230.45,24058.65,24113.3,61740801,20153500000,15.84100126,13.21457057,0.0004106461097,1,199.93685,24313.23685,23913.36315,0.0303984623513,-7.11706507145,0.0200179734482,0.868234182575,0.000344059708732,16.9067382812
255,1477,2017-10-04,BANKNIFTY,2017-10-05,PE,24500,427.85,454.7,279.65,362.55,361.0,362.55,1454,1445824000.0,20904000,42320,-8840,24113.3,24124.15,24230.45,24058.65,24113.3,61740801,20153500000,15.84100126,13.21457057,0.0004106461097,1,199.93685,24313.23685,23913.36315,-0.969601537649,0.935081732737,-0.650994260234,0.868234182575,0.000344059708732,104.553222656
256,1478,2017-10-04,BANKNIFTY,2017-10-05,CE,24600,7.1,8.95,0.7,1.25,0.9,1.25,184810,1.82e+11,32792000,830040,236640,24113.3,24124.15,24230.45,24058.65,24113.3,61740801,20153500000,15.84100126,13.21457057,0.0004106461097,1,199.93685,24313.23685,23913.36315,0.00898511003456,-2.49739037175,0.00591946045307,0.306338823726,0.000121394490772,17.4560546875
257,1479,2017-10-04,BANKNIFTY,2017-10-05,PE,24600,531.75,531.75,381.0,510.5,467.1,510.5,45,45169000.0,889000,9720,840,24113.3,24124.15,24230.45,24058.65,24113.3,61740801,20153500000,15.84100126,13.21457057,0.0004106461097,1,199.93685,24313.23685,23913.36315,-0.991014889965,5.58762233776,-0.667831598673,0.306338823726,0.000121394490772,142.578125
258,1480,2017-10-04,BANKNIFTY,2017-10-05,CE,24700,4.85,4.85,0.5,0.65,0.6,0.65,98673,97496765000.0,7841000,376400,89160,24113.3,24124.15,24230.45,24058.65,24113.3,61740801,20153500000,15.84100126,13.21457057,0.0004106461097,1,199.93685,24313.23685,23913.36315,0.00214845674142,-0.693354771464,0.00141590513298,0.0853940857358,3.38395617857e-05,18.8598632812
259,1481,2017-10-04,BANKNIFTY,2017-10-05,PE,24700,600.2,629.8,485.05,485.05,485.05,485.05,12,12132000.0,276000,1880,240,24113.3,24124.15,24230.45,24058.65,24113.3,61740801,20153500000,15.84100126,13.21457057,0.0004106461097,1,199.93685,24313.23685,23913.36315,-0.997851543259,7.42452384337,-0.675073979437,0.0853940857358,3.38395617857e-05,144.981384277
260,1482,2017-10-05,BANKNIFTY,2017-10-05,CE,23500,548.7,677.65,528.9,566.45,558.9,0.0,2312,2226121000.0,52841000,8560,-48320,24058.05,24114.75,24188.3,24033.35,24058.05,67125178,21467000000,15.9033217,13.26655831,-0.002293895613,0,0.0,24058.05,24058.05,0.0,0.0,0.0,0.0,0.0,0.0
261,1483,2017-10-05,BANKNIFTY,2017-10-05,PE,23500,0.3,0.45,0.05,0.05,0.05,0.0,16536,15543930000.0,90000,520720,-99120,24058.05,24114.75,24188.3,24033.35,24058.05,67125178,21467000000,15.9033217,13.26655831,-0.002293895613,0,0.0,24058.05,24058.05,0.0,0.0,0.0,0.0,0.0,0.0
262,1484,2017-10-05,BANKNIFTY,2017-10-05,CE,23600,459.05,540.0,433.9,463.5,458.9,0.0,434,417781000.0,8085000,760,-8720,24058.05,24114.75,24188.3,24033.35,24058.05,67125178,21467000000,15.9033217,13.26655831,-0.002293895613,0,0.0,24058.05,24058.05,0.0,0.0,0.0,0.0,0.0,0.0
263,1485,2017-10-05,BANKNIFTY,2017-10-05,PE,23600,0.75,0.8,0.05,0.05,0.05,0.0,41773,39434261000.0,549000,263320,-49160,24058.05,24114.75,24188.3,24033.35,24058.05,67125178,21467000000,15.9033217,13.26655831,-0.002293895613,0,0.0,24058.05,24058.05,0.0,0.0,0.0,0.0,0.0,0.0
264,1486,2017-10-05,BANKNIFTY,2017-10-05,CE,23700,361.2,470.0,330.3,354.8,358.85,0.0,541,521437000.0,8569000,400,-7760,24058.05,24114.75,24188.3,24033.35,24058.05,67125178,21467000000,15.9033217,13.26655831,-0.002293895613,0,0.0,24058.05,24058.05,0.0,0.0,0.0,0.0,0.0,0.0
265,1487,2017-10-05,BANKNIFTY,2017-10-05,PE,23700,1.95,2.0,0.05,0.05,0.05,0.0,264067,2.5e+11,5965000,498440,24240,24058.05,24114.75,24188.3,24033.35,24058.05,67125178,21467000000,15.9033217,13.26655831,-0.002293895613,0,0.0,24058.05,24058.05,0.0,0.0,0.0,0.0,0.0,0.0
266,1488,2017-10-05,BANKNIFTY,2017-10-05,CE,23800,271.45,382.45,234.95,251.65,250.0,0.0,6068,5843554000.0,66818000,1080,-53680,24058.05,24114.75,24188.3,24033.35,24058.05,67125178,21467000000,15.9033217,13.26655831,-0.002293895613,0,0.0,24058.05,24058.05,0.0,0.0,0.0,0.0,0.0,0.0
267,1489,2017-10-05,BANKNIFTY,2017-10-05,PE,23800,4.4,5.05,0.05,0.1,0.05,0.0,309913,2.95e+11,15174000,744560,27360,24058.05,24114.75,24188.3,24033.35,24058.05,67125178,21467000000,15.9033217,13.26655831,-0.002293895613,0,0.0,24058.05,24058.05,0.0,0.0,0.0,0.0,0.0,0.0
268,1490,2017-10-05,BANKNIFTY,2017-10-05,CE,23900,195.7,291.0,126.95,152.7,130.0,0.0,21802,21003007000.0,160295000,5920,-97640,24058.05,24114.75,24188.3,24033.35,24058.05,67125178,21467000000,15.9033217,13.26655831,-0.002293895613,0,0.0,24058.05,24058.05,0.0,0.0,0.0,0.0,0.0,0.0
269,1491,2017-10-05,BANKNIFTY,2017-10-05,PE,23900,9.9,10.8,0.05,0.15,0.05,0.0,643535,6.15e+11,85374000,864280,323560,24058.05,24114.75,24188.3,24033.35,24058.05,67125178,21467000000,15.9033217,13.26655831,-0.002293895613,0,0.0,24058.05,24058.05,0.0,0.0,0.0,0.0,0.0,0.0
270,1492,2017-10-05,BANKNIFTY,2017-10-05,CE,24000,113.75,193.5,37.0,54.9,50.0,0.0,177957,1.71e+11,636413000,22720,-286280,24058.05,24114.75,24188.3,24033.35,24058.05,67125178,21467000000,15.9033217,13.26655831,-0.002293895613,0,0.0,24058.05,24058.05,0.0,0.0,0.0,0.0,0.0,0.0
271,1493,2017-10-05,BANKNIFTY,2017-10-05,PE,24000,26.6,37.9,0.05,0.95,0.05,0.0,881832,8.47e+11,314106000,1457280,680960,24058.05,24114.75,24188.3,24033.35,24058.05,67125178,21467000000,15.9033217,13.26655831,-0.002293895613,0,0.0,24058.05,24058.05,0.0,0.0,0.0,0.0,0.0,0.0
272,1494,2017-10-05,BANKNIFTY,2017-10-05,CE,24100,79.3,109.6,0.05,1.6,0.05,0.0,763155,7.36e+11,738118000,1382040,983280,24058.05,24114.75,24188.3,24033.35,24058.05,67125178,21467000000,15.9033217,13.26655831,-0.002293895613,0,0.0,24058.05,24058.05,0.0,0.0,0.0,0.0,0.0,0.0
273,1495,2017-10-05,BANKNIFTY,2017-10-05,PE,24100,59.35,83.85,11.25,25.55,38.0,0.0,688869,6.65e+11,883071000,61320,-457880,24058.05,24114.75,24188.3,24033.35,24058.05,67125178,21467000000,15.9033217,13.26655831,-0.002293895613,0,0.0,24058.05,24058.05,0.0,0.0,0.0,0.0,0.0,0.0
274,1496,2017-10-05,BANKNIFTY,2017-10-05,CE,24200,29.55,46.65,0.05,0.3,0.05,0.0,1002630,9.71e+11,409888000,1922160,1155160,24058.05,24114.75,24188.3,24033.35,24058.05,67125178,21467000000,15.9033217,13.26655831,-0.002293895613,0,0.0,24058.05,24058.05,0.0,0.0,0.0,0.0,0.0,0.0
275,1497,2017-10-05,BANKNIFTY,2017-10-05,PE,24200,101.9,152.3,43.2,120.0,128.0,0.0,180488,1.75e+11,706856000,10440,-194920,24058.05,24114.75,24188.3,24033.35,24058.05,67125178,21467000000,15.9033217,13.26655831,-0.002293895613,0,0.0,24058.05,24058.05,0.0,0.0,0.0,0.0,0.0,0.0
276,1498,2017-10-05,BANKNIFTY,2017-10-05,CE,24300,12.25,21.6,0.05,0.1,0.05,0.0,745815,7.25e+11,106205000,2141560,1280040,24058.05,24114.75,24188.3,24033.35,24058.05,67125178,21467000000,15.9033217,13.26655831,-0.002293895613,0,0.0,24058.05,24058.05,0.0,0.0,0.0,0.0,0.0,0.0
277,1499,2017-10-05,BANKNIFTY,2017-10-05,PE,24300,196.55,243.55,105.15,222.9,211.4,0.0,23101,22623311000.0,169139000,8960,-64120,24058.05,24114.75,24188.3,24033.35,24058.05,67125178,21467000000,15.9033217,13.26655831,-0.002293895613,0,0.0,24058.05,24058.05,0.0,0.0,0.0,0.0,0.0,0.0
278,1500,2017-10-05,BANKNIFTY,2017-10-05,CE,24400,2.25,4.7,0.05,0.05,0.05,0.0,548072,5.35e+11,25162000,1399520,166320,24058.05,24114.75,24188.3,24033.35,24058.05,67125178,21467000000,15.9033217,13.26655831,-0.002293895613,0,0.0,24058.05,24058.05,0.0,0.0,0.0,0.0,0.0,0.0
279,1501,2017-10-05,BANKNIFTY,2017-10-05,PE,24400,308.5,373.15,194.0,324.0,340.0,0.0,4031,3980420000.0,46164000,1080,-22720,24058.05,24114.75,24188.3,24033.35,24058.05,67125178,21467000000,15.9033217,13.26655831,-0.002293895613,0,0.0,24058.05,24058.05,0.0,0.0,0.0,0.0,0.0,0.0
280,1502,2017-10-05,BANKNIFTY,2017-10-05,CE,24500,0.8,1.65,0.05,0.05,0.05,0.0,298181,2.92e+11,6990000,1647920,11800,24058.05,24114.75,24188.3,24033.35,24058.05,67125178,21467000000,15.9033217,13.26655831,-0.002293895613,0,0.0,24058.05,24058.05,0.0,0.0,0.0,0.0,0.0,0.0
281,1503,2017-10-05,BANKNIFTY,2017-10-05,PE,24500,378.5,442.0,294.95,426.4,441.5,0.0,2395,2385321000.0,38221000,11080,-31240,24058.05,24114.75,24188.3,24033.35,24058.05,67125178,21467000000,15.9033217,13.26655831,-0.002293895613,0,0.0,24058.05,24058.05,0.0,0.0,0.0,0.0,0.0,0.0
282,1504,2017-10-05,BANKNIFTY,2017-10-05,CE,24600,0.55,0.55,0.05,0.05,0.05,0.0,37739,37135427000.0,251000,692760,-137280,24058.05,24114.75,24188.3,24033.35,24058.05,67125178,21467000000,15.9033217,13.26655831,-0.002293895613,0,0.0,24058.05,24058.05,0.0,0.0,0.0,0.0,0.0,0.0
283,1505,2017-10-05,BANKNIFTY,2017-10-05,PE,24600,533.35,536.0,405.15,520.85,512.5,0.0,310,311238000.0,6198000,240,-9480,24058.05,24114.75,24188.3,24033.35,24058.05,67125178,21467000000,15.9033217,13.26655831,-0.002293895613,0,0.0,24058.05,24058.05,0.0,0.0,0.0,0.0,0.0,0.0
284,1506,2017-10-05,BANKNIFTY,2017-10-05,CE,24700,0.4,0.4,0.05,0.05,0.05,0.0,10360,10235714000.0,34000,242440,-133960,24058.05,24114.75,24188.3,24033.35,24058.05,67125178,21467000000,15.9033217,13.26655831,-0.002293895613,0,0.0,24058.05,24058.05,0.0,0.0,0.0,0.0,0.0,0.0
285,1507,2017-10-05,BANKNIFTY,2017-10-05,PE,24700,614.85,644.5,490.0,622.95,642.4,0.0,60,60741000.0,1461000,200,-1680,24058.05,24114.75,24188.3,24033.35,24058.05,67125178,21467000000,15.9033217,13.26655831,-0.002293895613,0,0.0,24058.05,24058.05,0.0,0.0,0.0,0.0,0.0,0.0
